Time (EDT),Latitude,Longitude,Course,kts,mph,feet,Rate,Reporting Facility
Time (EDT),Latitude,Longitude,Course,kts,mph,feet,Rate,Reporting Facility
Thu 01:02:00 PM  Departure (YYZ) @ Thursday 01:02:00 PM EDT,,,,,,,,Toronto Center
Thu 01:04:09 PM,43.6953,-79.6334,↗ 48°,190,219,850,,FlightAware ADS-B (CNC3)
Thu 01:04:25 PM,43.7055,-79.6188,↗ 42°,189,217,"1,625","2,672",FlightAware ADS-B (CYYZ)
Thu 01:04:41 PM,43.7164,-79.6057,↗ 41°,190,219,"2,275","2,531",FlightAware ADS-B (CYYZ)
Thu 01:04:57 PM,43.7279,-79.5921,↗ 41°,193,222,"2,975","2,250",FlightAware ADS-B (YCM / CYSN)
Thu 01:05:13 PM,43.7375,-79.5807,↗ 41°,194,223,"3,475","1,734",FlightAware ADS-B (CYYZ)
Thu 01:05:29 PM,43.7487,-79.5677,↗ 36°,209,241,"3,900","1,219",FlightAware ADS-B (CNN3)
Thu 01:05:45 PM,43.7642,-79.5577,↑ 11°,226,260,"4,125",986,FlightAware ADS-B (CYYZ)
Thu 01:06:04 PM,43.785,-79.5585,↑ 355°,249,287,"4,475","1,867",FlightAware ADS-B (CNN3)
Thu 01:06:34 PM,43.8211,-79.5625,↑ 354°,261,300,"5,650","2,264",FlightAware ADS-B (CYKZ)
Thu 01:06:57 PM,43.8492,-79.5663,↑ 355°,269,310,"6,475","1,358",FlightAware ADS-B (CYYZ)
Thu 01:07:27 PM,43.8864,-79.5707,↑ 355°,276,318,"6,850","1,775",FlightAware ADS-B (CZBA)
Thu 01:07:57 PM,43.9258,-79.5753,↑ 355°,275,316,"8,250","2,550",FlightAware ADS-B (CTR3)
Thu 01:08:27 PM,43.962,-79.5793,↑ 355°,282,325,"9,400","2,143",FlightAware ADS-B (CPA5)
Thu 01:08:53 PM,43.9974,-79.5832,↑ 358°,301,346,"10,250","1,567",FlightAware ADS-B (CYKZ)
Thu 01:09:12 PM,44.0245,-79.5781,↑ 17°,329,379,"10,575","1,327",FlightAware ADS-B (CYHM)
Thu 01:09:45 PM,44.0746,-79.554,↑ 20°,359,413,"11,400","2,071",FlightAware ADS-B (CYLS)
Thu 01:10:15 PM,44.1218,-79.5305,↑ 20°,369,425,"12,750","2,675",FlightAware ADS-B (CYLS)
Thu 01:10:45 PM,44.1707,-79.5063,↑ 19°,379,436,"14,075","2,675",FlightAware ADS-B (CYYZ)
Thu 01:11:15 PM,44.2207,-79.4819,↑ 19°,386,444,"15,425","2,650",FlightAware ADS-B (CYYZ)
Thu 01:11:45 PM,44.2702,-79.4578,↑ 19°,393,452,"16,725","2,575",FlightAware ADS-B (CPB9)
Thu 01:12:15 PM,44.3242,-79.4315,↑ 19°,400,460,"18,000","2,500",FlightAware ADS-B (CYYZ)
Thu 01:12:33 PM,44.355,-79.4164,↑ 20°,405,466,"18,725","2,351",FlightAware ADS-B (CYYZ)
Thu 01:12:52 PM,44.3878,-79.397,↗ 26°,412,474,"19,450","2,357",FlightAware ADS-B (CBE3)
Thu 01:13:22 PM,44.4387,-79.3569,↗ 31°,421,484,"20,650","2,100",FlightAware ADS-B (CYHM)
Thu 01:13:52 PM,44.4874,-79.3159,↗ 31°,429,494,"21,550","2,025",FlightAware ADS-B (CYHM)
Thu 01:14:22 PM,44.5411,-79.2705,↗ 31°,433,498,"22,675","1,475",FlightAware ADS-B (KROC)
Thu 01:14:52 PM,44.5902,-79.2289,↗ 31°,434,499,"23,025",325,FlightAware ADS-B (CYHM)
Thu 01:15:22 PM,44.6434,-79.1837,↗ 31°,433,498,"23,000",-25,FlightAware ADS-B (CYRO)
Thu 01:15:53 PM,44.7001,-79.1356,↗ 31°,429,494,"23,000",435,FlightAware ADS-B (CYEE)
Thu 01:16:24 PM,44.7497,-79.0936,↗ 31°,436,502,"23,450","1,279",FlightAware ADS-B (CYRO)
Thu 01:16:54 PM,44.8011,-79.0499,↗ 31°,443,510,"24,300","1,725",FlightAware ADS-B (CYYZ)
Thu 01:17:24 PM,44.8535,-79.0051,↗ 31°,450,518,"25,175","1,675",FlightAware ADS-B (CYYZ)
Thu 01:17:54 PM,44.9068,-78.9593,↗ 32°,458,527,"25,975","1,650",FlightAware ADS-B (KROC)
Thu 01:18:24 PM,44.9647,-78.9086,↗ 32°,465,535,"26,825","1,575",FlightAware ADS-B (CNF4)
Thu 01:18:54 PM,45.0173,-78.8623,↗ 32°,472,543,"27,550","1,500",FlightAware ADS-B (CYKF)
Thu 01:19:24 PM,45.0723,-78.814,↗ 32°,477,549,"28,325","1,600",FlightAware ADS-B (KROC)
Thu 01:19:54 PM,45.1298,-78.7633,↗ 32°,481,554,"29,150","1,575",FlightAware ADS-B (CNZ4)
Thu 01:20:24 PM,45.1871,-78.7128,↗ 32°,485,558,"29,900","1,700",FlightAware ADS-B (CNY3)
Thu 01:20:54 PM,45.2434,-78.6631,↗ 32°,483,556,"30,850","2,025",FlightAware ADS-B (KIAG)
Thu 01:21:24 PM,45.2999,-78.613,↗ 32°,476,548,"31,925","1,725",FlightAware ADS-B (CYHM)
Thu 01:21:54 PM,45.3554,-78.5638,↗ 32°,478,550,"32,575","1,075",FlightAware ADS-B (KIAG)
Thu 01:22:24 PM,45.4121,-78.5133,↗ 32°,478,550,"33,000",425,FlightAware ADS-B (CYOW)
Thu 01:22:54 PM,45.4669,-78.4645,↗ 32°,475,547,"33,000",,FlightAware ADS-B (CYYZ)
Thu 01:23:24 PM,45.5251,-78.4125,↗ 32°,475,547,"33,000",,FlightAware ADS-B (CYRO)
Thu 01:23:44 PM,45.5623,-78.3799,↗ 31°,474,545,"33,000",,FlightAware ADS-B (CCT2)
Thu 01:24:14 PM,45.6182,-78.3339,↗ 30°,473,544,"33,000",,FlightAware ADS-B (CYOW)
Thu 01:24:44 PM,45.6753,-78.2869,↗ 30°,471,542,"33,000",,FlightAware ADS-B (CYOW)
Thu 01:25:14 PM,45.7313,-78.2403,↗ 30°,469,540,"33,000",,FlightAware ADS-B (CYRP)
Thu 01:25:44 PM,45.7864,-78.194,↗ 31°,467,537,"33,000",25,FlightAware ADS-B (YCM / CYSN)
Thu 01:26:14 PM,45.8419,-78.1471,↗ 31°,462,532,"33,025",,FlightAware ADS-B (CNF4)
Thu 01:26:44 PM,45.8972,-78.1003,↗ 31°,461,531,"33,000",-25,FlightAware ADS-B (CYPQ)
Thu 01:27:15 PM,45.9523,-78.0535,↗ 31°,456,525,"33,000",,FlightAware ADS-B (CYPQ)
Thu 01:27:45 PM,46.0081,-78.006,↗ 31°,453,521,"33,000",,FlightAware ADS-B (CYPQ)
Thu 01:28:15 PM,46.0619,-77.9604,↗ 31°,453,521,"33,000",,FlightAware ADS-B (CYPQ)
Thu 01:28:45 PM,46.1157,-77.9145,↗ 31°,452,520,"33,000",,FlightAware ADS-B (YCM / CYSN)
Thu 01:29:15 PM,46.1715,-77.8669,↗ 31°,452,520,"33,000",,FlightAware ADS-B (CCT2)
Thu 01:29:46 PM,46.2255,-77.8206,↗ 31°,450,518,"33,000",,FlightAware ADS-B (CTY3)
Thu 01:30:16 PM,46.2786,-77.7749,↗ 31°,449,517,"33,000",,FlightAware ADS-B (CYPQ)
Thu 01:30:46 PM,46.3326,-77.7284,↗ 31°,446,513,"33,000",,FlightAware ADS-B (CYPQ)
Thu 01:31:16 PM,46.3871,-77.6815,↗ 31°,445,512,"33,000",,FlightAware ADS-B (CYMX)
Thu 01:31:46 PM,46.437,-77.6384,↗ 31°,444,511,"33,000",,FlightAware ADS-B (CBV5)
Thu 01:32:16 PM,46.489,-77.5934,↗ 31°,444,511,"33,000",,FlightAware ADS-B (CBV5)
Thu 01:32:46 PM,46.5434,-77.5462,↗ 31°,444,511,"33,000",,FlightAware ADS-B (CSU3)
Thu 01:33:17 PM,46.5968,-77.4998,↗ 31°,445,512,"33,000",,FlightAware ADS-B (CNY3)
Thu 01:33:48 PM,46.6529,-77.4509,↗ 31°,442,509,"33,000",,FlightAware ADS-B (CYPQ)
Thu 01:34:18 PM,46.7045,-77.4057,↗ 31°,444,511,"33,000",,FlightAware ADS-B (CYPQ)
Thu 01:34:49 PM,46.7581,-77.3588,↗ 31°,441,507,"33,000",,FlightAware ADS-B (CYPQ)
Thu 01:35:19 PM,46.8096,-77.3135,↗ 31°,439,505,"33,000",,FlightAware ADS-B (CYOW)
Thu 01:35:50 PM,46.8667,-77.2632,↗ 31°,438,504,"33,000",,FlightAware ADS-B (CYMX)
Thu 01:36:20 PM,46.9173,-77.2185,↗ 31°,438,504,"33,000",,FlightAware ADS-B (CSE4)
Thu 01:36:50 PM,46.9714,-77.1706,↗ 31°,438,504,"33,000",,FlightAware ADS-B (CYMX)
Thu 01:37:21 PM,47.0232,-77.1248,↗ 31°,440,506,"33,000",,FlightAware ADS-B (CYRP)
Thu 01:37:51 PM,47.0749,-77.0789,↗ 31°,440,506,"33,000",,FlightAware ADS-B (CYVO)
Thu 01:38:22 PM,47.1278,-77.0317,↗ 31°,439,505,"33,000",,FlightAware ADS-B (CNZ4)
Thu 01:38:52 PM,47.1804,-76.9848,↗ 31°,438,504,"33,000",,FlightAware ADS-B (CYMX)
Thu 01:39:22 PM,47.2337,-76.937,↗ 31°,437,503,"33,000",,FlightAware ADS-B (CYMX)
Thu 01:39:52 PM,47.2854,-76.8907,↗ 31°,437,503,"33,000",,FlightAware ADS-B (CYMX)
Thu 01:40:22 PM,47.3357,-76.8455,↗ 32°,439,505,"33,000",,FlightAware ADS-B (CYVO)
Thu 01:40:52 PM,47.3888,-76.7976,↗ 31°,439,505,"33,000",,FlightAware ADS-B (CYMX)
Thu 01:41:22 PM,47.4389,-76.7525,↗ 32°,441,507,"33,000",,FlightAware ADS-B (CYVO)
Thu 01:41:53 PM,47.4954,-76.7012,↗ 32°,443,510,"33,000",,FlightAware ADS-B (CYMX)
Thu 01:42:23 PM,47.5471,-76.6543,↗ 32°,444,511,"33,000",,FlightAware ADS-B (CYMX)
Thu 01:42:55 PM,47.6022,-76.6041,↗ 32°,444,511,"33,000",,FlightAware ADS-B (CYOW)
Thu 01:43:26 PM,47.6557,-76.5554,↗ 32°,444,511,"33,000",,FlightAware ADS-B (CHA3)
Thu 01:43:56 PM,47.7084,-76.5072,↗ 32°,444,511,"33,000",,FlightAware ADS-B (CHA3)
Thu 01:44:26 PM,47.7605,-76.4595,↗ 32°,445,512,"33,000",,FlightAware ADS-B (CYUL)
Thu 01:44:56 PM,47.8137,-76.4106,↗ 32°,445,512,"33,000",,FlightAware ADS-B (CYOW)
Thu 01:45:32 PM,47.8755,-76.3536,↗ 32°,445,512,"33,000",,FlightAware ADS-B (CYUL)
Thu 01:46:03 PM,47.9304,-76.3029,↗ 32°,444,511,"33,000",,FlightAware ADS-B (CYUL)
Thu 01:46:33 PM,47.9826,-76.2545,↗ 32°,444,511,"33,000",,FlightAware ADS-B (CYUL)
Thu 01:47:04 PM,48.036,-76.2049,↗ 32°,444,511,"33,000",,FlightAware ADS-B (CYUL)
Thu 01:47:34 PM,48.0891,-76.1556,↗ 32°,444,511,"33,000",,FlightAware ADS-B (CYUL)
Thu 01:48:04 PM,48.1418,-76.1065,↗ 32°,445,512,"33,000",,FlightAware ADS-B (CYUL)
Thu 01:48:35 PM,48.1959,-76.0559,↗ 32°,443,510,"33,000",,FlightAware ADS-B (CYBG)
Thu 01:49:05 PM,48.247,-76.008,↗ 32°,443,510,"33,000",,FlightAware ADS-B (CYUL)
Thu 01:49:35 PM,48.2994,-75.9588,↗ 32°,444,511,"33,000",,FlightAware ADS-B (CYUL)
Thu 01:50:06 PM,48.3521,-75.9091,↗ 32°,444,511,"33,000",,FlightAware ADS-B (CYUL)
Thu 01:50:36 PM,48.405,-75.859,↗ 32°,445,512,"33,000",,FlightAware ADS-B (CYUL)
Thu 01:51:06 PM,48.4564,-75.8105,↗ 32°,445,512,"33,000",,FlightAware ADS-B (CYUL)
Thu 01:51:37 PM,48.5103,-75.7593,↗ 32°,446,513,"33,000",,FlightAware ADS-B (CYUL)
Thu 01:52:07 PM,48.5631,-75.709,↗ 32°,446,513,"33,000",,FlightAware ADS-B (CYUL)
Thu 01:52:37 PM,48.6158,-75.6588,↗ 32°,446,513,"33,000",,FlightAware ADS-B (CYUL)
Thu 01:53:08 PM,48.6688,-75.6081,↗ 32°,448,516,"33,000",,FlightAware ADS-B (CYUL)
Thu 01:53:38 PM,48.7213,-75.5577,↗ 32°,448,516,"33,000",,FlightAware ADS-B (CYUL)
Thu 01:54:08 PM,48.7736,-75.5075,↗ 32°,448,516,"33,000",,FlightAware ADS-B (CYUL)
Thu 01:54:39 PM,48.8279,-75.4552,↗ 33°,448,516,"33,000",,FlightAware ADS-B (CYUL)
Thu 01:55:09 PM,48.8801,-75.4047,↗ 33°,448,516,"33,000",,FlightAware ADS-B (CYUL)
Thu 01:55:39 PM,48.9326,-75.3539,↗ 33°,447,514,"33,000",,FlightAware ADS-B (CYBG)
Thu 01:56:09 PM,48.9848,-75.3033,↗ 33°,448,516,"33,000",,FlightAware ADS-B (CYUL)
Thu 01:56:41 PM,49.0409,-75.2487,↗ 33°,447,514,"33,000",,FlightAware ADS-B (CYBG)
Thu 01:57:12 PM,49.0947,-75.1961,↗ 33°,447,514,"33,000",,FlightAware ADS-B (CYBG)
Thu 01:57:42 PM,49.1463,-75.1457,↗ 33°,449,517,"33,000",,FlightAware ADS-B (CYBG)
Thu 01:58:14 PM,49.2029,-75.0901,↗ 33°,450,518,"33,000",,FlightAware ADS-B (CYRC)
Thu 01:58:44 PM,49.256,-75.0379,↗ 33°,451,519,"33,000",,FlightAware ADS-B (CYRC)
Thu 01:59:14 PM,49.3087,-74.9859,↗ 33°,451,519,"33,000",,FlightAware ADS-B (CYRC)
Thu 01:59:44 PM,49.3611,-74.9341,↗ 33°,453,521,"33,000",,FlightAware ADS-B (CYRC)
Thu 02:00:15 PM,49.4144,-74.8812,↗ 33°,453,521,"33,000",,FlightAware ADS-B (CYRC)
Thu 02:00:45 PM,49.4661,-74.83,↗ 33°,453,521,"33,000",,FlightAware ADS-B (CYRC)
Thu 02:01:17 PM,49.5253,-74.7708,↗ 33°,455,524,"33,000",,FlightAware ADS-B (CYBG)
Thu 02:01:47 PM,49.5792,-74.717,↗ 33°,457,526,"33,000",,FlightAware ADS-B (CYBG)
Thu 02:02:17 PM,49.6321,-74.6639,↗ 33°,457,526,"33,000",,FlightAware ADS-B (CYBG)
Thu 02:02:48 PM,49.6859,-74.6099,↗ 33°,457,526,"33,000",,FlightAware ADS-B (CYBG)
Thu 02:03:28 PM,49.7574,-74.5379,↗ 33°,457,526,"33,000",,FlightAware ADS-B (CYBG)
Thu 02:04:07 PM,49.8236,-74.4621,↗ 40°,458,527,"33,000",,FlightAware ADS-B (CYBG)
Thu 02:05:01 PM,49.9088,-74.3471,↗ 42°,458,527,"33,000",,FlightAware ADS-B (CYBG)
Thu 02:05:37 PM,49.9662,-74.2686,↗ 42°,459,528,"33,000",,FlightAware ADS-B (CYBG)
Thu 02:06:37 PM,50.0619,-74.1376,↗ 42°,459,528,"33,000",,FlightAware ADS-B (CYBG)
Thu 02:07:20 PM,50.1305,-74.0431,↗ 42°,461,531,"33,000",,FlightAware ADS-B (CYBG)
Thu 02:08:11 PM,50.2093,-73.9342,↗ 42°,459,528,"33,000",,FlightAware ADS-B (CYRC)
Thu 02:08:47 PM,50.267,-73.8542,↗ 42°,460,529,"33,000",,FlightAware ADS-B (CYRC)
Thu 02:09:21 PM,50.3211,-73.7791,↗ 42°,462,532,"33,000",,FlightAware ADS-B (CYRC)
Thu 02:09:59 PM,50.381,-73.6953,↗ 42°,460,529,"33,000",,FlightAware ADS-B (CYRC)
Thu 02:10:47 PM,50.4582,-73.5869,↗ 42°,460,529,"33,000",,FlightAware ADS-B (CYRC)
Thu 02:11:17 PM,50.5037,-73.5228,↗ 42°,460,529,"33,000",,FlightAware ADS-B (CYRC)
Thu 02:12:17 PM,50.599,-73.3881,↗ 42°,460,529,"33,000",,FlightAware ADS-B (CYRC)
Thu 02:13:00 PM,50.6662,-73.2927,↗ 42°,461,531,"33,000",,FlightAware ADS-B (CYRC)
Thu 02:13:45 PM,50.7384,-73.1898,↗ 42°,463,533,"33,000",,FlightAware ADS-B (CYRC)
Thu 02:14:17 PM,50.7889,-73.1174,↗ 42°,464,534,"33,000",,FlightAware ADS-B (CYRC)
Thu 02:15:35 PM,50.9128,-72.9391,↗ 42°,467,537,"33,000",,FlightAware ADS-B (CYRC)
Thu 02:16:51 PM,51.0167,-72.75,↗ 42°,460,529,"33,000",,Montreal Center
Thu 02:17:51 PM,51.1167,-72.6167,↗ 40°,460,529,"33,000",,Montreal Center
Thu 02:18:51 PM,51.2167,-72.4667,↗ 43°,460,529,"33,000",,Montreal Center
Thu 02:19:51 PM,51.3167,-72.3333,↗ 40°,470,541,"33,000",,Montreal Center
Thu 02:20:51 PM,51.4167,-72.1833,↗ 43°,470,541,"33,000",,Montreal Center
Thu 02:21:52 PM,51.5,-72.05,↗ 45°,470,541,"33,000",,Montreal Center
Thu 02:22:51 PM,51.6,-71.9,↗ 43°,470,541,"33,000",,Montreal Center
Thu 02:23:51 PM,51.7,-71.75,↗ 43°,470,541,"33,000",,Montreal Center
Thu 02:24:51 PM,51.8,-71.6167,↗ 39°,480,552,"33,000",,Montreal Center
Thu 02:25:51 PM,51.9,-71.4333,↗ 48°,480,552,"33,000",,Montreal Center
Thu 02:26:52 PM,52,-71.2833,↗ 43°,480,552,"33,000",,Montreal Center
Thu 02:27:52 PM,52.1,-71.1333,↗ 43°,480,552,"33,000",,Montreal Center
Thu 02:28:51 PM,52.1833,-70.9833,↗ 48°,480,552,"33,000",,Montreal Center
Thu 02:29:51 PM,52.2833,-70.85,↗ 39°,490,564,"33,000",,Montreal Center
Thu 02:30:51 PM,52.3833,-70.7,↗ 42°,490,564,"33,000",,Montreal Center
Thu 02:31:52 PM,52.4833,-70.5167,↗ 48°,490,564,"33,000",,Montreal Center
Thu 02:32:52 PM,52.5833,-70.3667,↗ 42°,500,575,"33,000",,Montreal Center
Thu 02:33:31 PM,52.6602,-70.2704,↗ 44°,506,582,"33,000",,FlightAware ADS-B (CYWK)
Thu 02:34:20 PM,52.7415,-70.1384,↗ 45°,509,586,"33,000",,FlightAware ADS-B (CYWK)
Thu 02:35:03 PM,52.8149,-70.0188,↗ 45°,512,589,"33,000",,FlightAware ADS-B (CYWK)
Thu 02:35:41 PM,52.8788,-69.9143,↗ 45°,514,592,"33,000",,FlightAware ADS-B (CYWK)
Thu 02:36:11 PM,52.9291,-69.8315,↗ 45°,516,594,"33,000",,FlightAware ADS-B (CYWK)
Thu 02:36:41 PM,52.9801,-69.7475,↗ 45°,517,595,"33,000",,FlightAware ADS-B (CYWK)
Thu 02:37:11 PM,53.0311,-69.6631,↗ 45°,519,597,"33,000",,FlightAware ADS-B (CYWK)
Thu 02:37:42 PM,53.0829,-69.577,↗ 45°,523,602,"33,000",,FlightAware ADS-B (CYWK)
Thu 02:38:12 PM,53.134,-69.4919,↗ 45°,524,603,"33,000",,FlightAware ADS-B (CYWK)
Thu 02:38:42 PM,53.1852,-69.4063,↗ 45°,525,604,"33,000",,FlightAware ADS-B (CYWK)
Thu 02:39:12 PM,53.2365,-69.3199,↗ 45°,525,604,"33,000",,FlightAware ADS-B (CYWK)
Thu 02:39:42 PM,53.2881,-69.233,↗ 45°,526,605,"33,000",,FlightAware ADS-B (CYWK)
Thu 02:40:16 PM,53.3472,-69.133,↗ 45°,528,608,"33,000",,FlightAware ADS-B (CYWK)
Thu 02:40:46 PM,53.399,-69.0451,↗ 46°,531,611,"33,000",,FlightAware ADS-B (CYWK)
Thu 02:41:16 PM,53.4504,-68.9575,↗ 46°,533,613,"33,000",,FlightAware ADS-B (CYWK)
Thu 02:41:46 PM,53.5015,-68.87,↗ 46°,535,616,"33,000",,FlightAware ADS-B (CYWK)
Thu 02:42:16 PM,53.5541,-68.7798,↗ 46°,537,618,"33,000",,FlightAware ADS-B (CYWK)
Thu 02:43:00 PM,53.6282,-68.6519,↗ 46°,540,621,"33,000",,FlightAware ADS-B (CYWK)
Thu 02:43:43 PM,53.7029,-68.5224,↗ 46°,542,624,"33,000",,FlightAware ADS-B (CYWK)
Thu 02:44:16 PM,53.7624,-68.4186,↗ 46°,542,624,"33,000",,FlightAware ADS-B (CYWK)
Thu 02:44:46 PM,53.8144,-68.3277,↗ 46°,542,624,"33,000",,FlightAware ADS-B (CYWK)
Thu 02:45:16 PM,53.8664,-68.2363,↗ 46°,543,625,"33,000",,FlightAware ADS-B (CYWK)
Thu 02:46:13 PM,53.9636,-68.065,↗ 46°,545,627,"33,000",,FlightAware ADS-B (CYWK)
Thu 02:47:14 PM,54.0667,-67.9,↗ 46°,540,621,"33,000",,Gander Center
Thu 02:47:51 PM,54.1333,-67.7667,↗ 49°,540,621,"33,000",,Montreal Center
Thu 02:48:52 PM,54.2667,-67.5667,↗ 41°,550,633,"33,000",,Montreal Center
Thu 02:49:52 PM,54.3667,-67.4,↗ 44°,550,633,"33,000",,Montreal Center
Thu 02:50:52 PM,54.4667,-67.2333,↗ 44°,550,633,"33,000",,Montreal Center
Thu 02:51:51 PM,54.6,-67.05,↗ 39°,550,633,"33,000",,Montreal Center
Thu 02:53:14 PM,54.75,-66.85,↗ 38°,550,633,"33,000",,Gander Center
Thu 02:53:52 PM,54.8333,-66.6833,↗ 49°,550,633,"33,000",,Montreal Center
Thu 02:54:52 PM,54.95,-66.5,↗ 42°,550,633,"33,000",,Montreal Center
Thu 02:55:52 PM,55.0667,-66.3333,↗ 39°,560,644,"33,000",,Montreal Center
Thu 02:56:52 PM,55.1667,-66.1167,↗ 51°,560,644,"33,000",,Montreal Center
Thu 02:57:51 PM,55.2833,-65.95,↗ 39°,560,644,"33,000",,Montreal Center
Thu 02:58:51 PM,55.4,-65.7667,↗ 42°,560,644,"33,000",,Montreal Center
Thu 02:59:52 PM,55.5167,-65.5667,↗ 44°,560,644,"33,000",,Montreal Center
Thu 03:01:14 PM,55.6667,-65.3667,↗ 37°,560,644,"33,000",,Gander Center
Thu 03:01:52 PM,55.7333,-65.2,↗ 55°,560,644,"33,000",,Montreal Center
Thu 03:02:52 PM,55.85,-64.9833,↗ 46°,560,644,"33,000",,Montreal Center
Thu 03:03:51 PM,55.95,-64.8,↗ 46°,560,644,"33,000",,Montreal Center
Thu 03:04:52 PM,56.0667,-64.6167,↗ 41°,560,644,"33,000",,Montreal Center
Thu 03:05:52 PM,56.1833,-64.4,↗ 46°,560,644,"33,000",,Montreal Center
Thu 03:06:52 PM,56.2833,-64.2167,↗ 45°,560,644,"33,000",,Montreal Center
Thu 03:07:52 PM,56.4167,-64.0333,↗ 37°,560,644,"33,000",,Montreal Center
Thu 03:08:52 PM,56.5333,-63.8333,↗ 43°,560,644,"33,000",,Montreal Center
Thu 03:09:52 PM,56.6333,-63.6167,↗ 50°,560,644,"33,000",,Montreal Center
Thu 03:11:15 PM,56.7833,-63.3833,↗ 40°,560,644,"33,000",,Gander Center
Thu 03:11:52 PM,56.85,-63.2,↗ 56°,560,644,"33,000",,Montreal Center
Thu 03:12:52 PM,56.9667,-63,↗ 43°,560,644,"33,000",,Montreal Center
Thu 03:13:52 PM,57.0833,-62.7833,↗ 45°,560,644,"33,000",,Montreal Center
Thu 03:14:51 PM,57.1833,-62.5833,↗ 47°,560,644,"33,000",,Montreal Center
Thu 03:15:52 PM,57.3,-62.4167,↗ 38°,560,644,"33,000",,Montreal Center
Thu 03:17:30 PM,57.5,-62.2667,↗ 22°,560,644,"33,000",,Gander Center
Thu 03:18:30 PM,57.6167,-62.0667,↗ 43°,560,644,"33,000",,Gander Center
Thu 03:19:52 PM,57.7833,-61.6667,↗ 52°,560,644,"33,000",,Montreal Center
Thu 03:20:52 PM,57.9167,-61.45,↗ 41°,560,644,"33,000",,Montreal Center
Thu 03:22:15 PM,58.0667,-61.25,↗ 35°,560,644,"33,000",,Gander Center
Thu 03:23:15 PM,58.1833,-61.0667,↗ 40°,560,644,"33,000",,Gander Center
Thu 03:24:14 PM,58.3,-60.8667,↗ 42°,570,656,"33,000",,Gander Center
Thu 03:25:14 PM,58.4333,-60.6833,↗ 36°,570,656,"33,000",250,Gander Center
Thu 03:26:14 PM,58.55,-60.4833,↗ 42°,570,656,"33,500",992,Gander Center
Thu 03:27:15 PM,58.6833,-60.25,↗ 42°,570,656,"35,000",744,Gander Center
Thu 03:28:15 PM,58.8,-60.0667,↗ 39°,570,656,"35,000",,Gander Center
Thu 03:29:15 PM,58.9167,-59.9,↗ 36°,570,656,"35,000",,Gander Center
Thu 03:30:14 PM,59.0333,-59.6667,↗ 46°,570,656,"35,000",,Gander Center
Thu 03:31:14 PM,59.1333,-59.4667,↗ 46°,570,656,"35,000",,Gander Center
Thu 03:32:15 PM,59.2667,-59.2667,↗ 37°,570,656,"35,000",,Gander Center
Thu 03:33:15 PM,59.3667,-59.0667,↗ 45°,570,656,"35,000",,Gander Center
Thu 03:34:15 PM,59.5,-58.85,↗ 39°,570,656,"35,000",,Gander Center
Thu 03:35:14 PM,59.6167,-58.6167,↗ 45°,570,656,"35,000",,Gander Center
Thu 03:36:14 PM,59.7167,-58.45,↗ 40°,570,656,"35,000",,Gander Center
Thu 03:37:15 PM,59.85,-58.2,↗ 43°,570,656,"35,000",,Gander Center
Thu 03:38:15 PM,59.9667,-58,↗ 41°,570,656,"35,000",,Gander Center
Thu 03:39:15 PM,60.05,-57.7833,↗ 52°,570,656,"35,000",,Gander Center
Thu 03:40:15 PM,60.1667,-57.5333,↗ 47°,570,656,"35,000",,Gander Center
Thu 03:41:14 PM,60.2833,-57.2833,↗ 47°,570,656,"35,000",,Gander Center
Thu 03:42:14 PM,60.3833,-57.05,↗ 49°,570,656,"35,000",,Gander Center
Thu 03:43:15 PM,60.5,-56.8,↗ 46°,580,667,"35,000",,Gander Center
Thu 03:44:15 PM,60.6,-56.5333,↗ 53°,580,667,"35,000",,Gander Center
Thu 03:45:15 PM,60.7,-56.2833,↗ 51°,580,667,"35,000",,Gander Center
Thu 03:46:15 PM,60.8,-56.0333,↗ 51°,580,667,"35,000",,Gander Center
Thu 03:47:14 PM,60.9,-55.7833,↗ 50°,580,667,"35,000",,Gander Center
Thu 03:48:47 PM,61.0393,-55.4504,↗ 49°,,,,,FlightAware Approximate
Thu 03:55:51 PM,61.6602,-53.8885,↗ 51°,,,,,FlightAware Approximate
Thu 03:56:53 PM,61.7488,-53.6537,↗ 51°,,,,,FlightAware Approximate
Thu 03:57:55 PM,61.8367,-53.4172,↗ 52°,,,,,FlightAware Approximate
Thu 03:58:55 PM,61.9209,-53.1862,↗ 52°,,,,,FlightAware Approximate
Thu 04:00:45 PM,62.2375,-52.2897,↗ 53°,575,662,"35,000",,FlightAware ADS-B (GOH / BGGH)
Thu 04:01:15 PM,62.2843,-52.1556,↗ 53°,576,663,"35,000",,FlightAware ADS-B (GOH / BGGH)
Thu 04:01:45 PM,62.3327,-52.0161,↗ 53°,575,662,"35,000",,FlightAware ADS-B (GOH / BGGH)
Thu 04:02:15 PM,62.3802,-51.8786,↗ 54°,575,662,"35,000",,FlightAware ADS-B (GOH / BGGH)
Thu 04:02:45 PM,62.427,-51.7418,↗ 54°,575,662,"35,000",,FlightAware ADS-B (GOH / BGGH)
Thu 04:03:15 PM,62.4739,-51.6041,↗ 54°,574,661,"35,000",,FlightAware ADS-B (GOH / BGGH)
Thu 04:03:45 PM,62.5209,-51.4652,↗ 54°,573,659,"35,000",,FlightAware ADS-B (GOH / BGGH)
Thu 04:04:15 PM,62.568,-51.3253,↗ 54°,573,659,"35,000",,FlightAware ADS-B (GOH / BGGH)
Thu 04:04:45 PM,62.6143,-51.1869,↗ 54°,573,659,"35,000",,FlightAware ADS-B (GOH / BGGH)
Thu 04:05:15 PM,62.6608,-51.0475,↗ 54°,572,658,"35,000",,FlightAware ADS-B (GOH / BGGH)
Thu 04:05:45 PM,62.7071,-50.907,↗ 54°,572,658,"35,000",,FlightAware ADS-B (GOH / BGGH)
Thu 04:06:15 PM,62.7534,-50.7658,↗ 55°,571,657,"35,000",,FlightAware ADS-B (GOH / BGGH)
Thu 04:06:46 PM,62.7992,-50.6256,↗ 55°,571,657,"35,000",,FlightAware ADS-B (GOH / BGGH)
Thu 04:07:16 PM,62.8448,-50.4853,↗ 55°,571,657,"35,000",,FlightAware ADS-B (GOH / BGGH)
Thu 04:07:46 PM,62.8905,-50.3432,↗ 55°,571,657,"35,000",,FlightAware ADS-B (GOH / BGGH)
Thu 04:08:16 PM,62.9357,-50.2023,↗ 55°,570,656,"35,000",,FlightAware ADS-B (GOH / BGGH)
Thu 04:08:46 PM,62.981,-50.0622,↗ 54°,570,656,"35,000",,FlightAware ADS-B (GOH / BGGH)
Thu 04:09:21 PM,63.0371,-49.9012,↗ 52°,570,656,"35,000",,FlightAware ADS-B (GOH / BGGH)
Thu 04:09:51 PM,63.086,-49.7668,↗ 51°,569,655,"35,000",11,FlightAware ADS-B (GOH / BGGH)
Thu 04:11:45 PM,63.2631,-49.3405,↗ 47°,,,,,Estimated
Thu 04:12:53 PM,63.3682,-49.0836,↗ 48°,,,,,Estimated
Thu 04:13:54 PM,63.462,-48.8516,↗ 48°,,,,,Estimated
Thu 04:15:47 PM,63.6348,-48.4179,↗ 48°,,,,,Estimated
Thu 04:16:50 PM,63.7306,-48.1737,↗ 48°,,,,,Estimated
Thu 04:18:48 PM,63.892,-47.6813,↗ 53°,,,,,FlightAware Approximate
Thu 04:19:53 PM,63.9802,-47.4077,↗ 54°,,,,,FlightAware Approximate
Thu 04:21:51 PM,64.139,-46.9065,↗ 54°,,,,,FlightAware Approximate
Thu 04:22:53 PM,64.2217,-46.6409,↗ 54°,,,,,FlightAware Approximate
Thu 04:24:51 PM,64.3778,-46.1309,↗ 55°,,,,,FlightAware Approximate
Thu 04:25:54 PM,64.4605,-45.8563,↗ 55°,,,,,FlightAware Approximate
Thu 04:27:47 PM,64.6074,-45.3596,↗ 55°,,,,,FlightAware Approximate
Thu 04:28:53 PM,64.6924,-45.0669,↗ 56°,,,,,FlightAware Approximate
Thu 04:29:54 PM,64.7704,-44.7949,↗ 56°,,,,,FlightAware Approximate
Thu 04:31:51 PM,64.9188,-44.2686,↗ 56°,,,,,FlightAware Approximate
Thu 04:32:54 PM,64.9978,-43.9828,↗ 57°,,,,,FlightAware Approximate
Thu 04:34:54 PM,65.147,-43.4338,↗ 57°,,,,,FlightAware Approximate
Thu 04:36:55 PM,65.2953,-42.874,↗ 57°,,,,,FlightAware Approximate
Thu 04:38:47 PM,65.4307,-42.3502,↗ 58°,,,,,FlightAware Approximate
Thu 04:39:55 PM,65.512,-42.0295,↗ 58°,,,,,FlightAware Approximate
Thu 04:41:48 PM,65.6456,-41.4922,↗ 59°,,,,,FlightAware Approximate
Thu 04:42:51 PM,65.7193,-41.1903,↗ 59°,,,,,FlightAware Approximate
Thu 04:43:55 PM,65.7935,-40.8818,↗ 59°,,,,,FlightAware Approximate
Thu 04:44:55 PM,65.8626,-40.591,↗ 60°,,,,,FlightAware Approximate
Thu 04:46:45 PM,65.9877,-40.0537,↗ 60°,,,,,FlightAware Approximate
Thu 04:47:55 PM,66.0715,-39.7129,↗ 58°,,,,,FlightAware Approximate
Thu 04:49:53 PM,66.2115,-39.1399,↗ 59°,,,,,FlightAware Approximate
Thu 04:51:50 PM,66.3481,-38.5657,↗ 59°,,,,,FlightAware Approximate
Thu 04:52:52 PM,66.4196,-38.2588,↗ 60°,,,,,FlightAware Approximate
Thu 04:53:54 PM,66.4906,-37.9502,↗ 60°,,,,,FlightAware Approximate
Thu 04:55:51 PM,66.6228,-37.363,↗ 60°,,,,,FlightAware Approximate
Thu 04:57:52 PM,66.7571,-36.7492,↗ 61°,,,,,FlightAware Approximate
Thu 04:59:50 PM,66.8859,-36.1442,↗ 61°,,,,,FlightAware Approximate
Thu 05:00:50 PM,66.9504,-35.8341,↗ 62°,,,,,FlightAware Approximate
Thu 05:01:51 PM,67.0155,-35.5172,↗ 62°,,,,,FlightAware Approximate
Thu 05:02:55 PM,67.083,-35.1829,↗ 62°,,,,,FlightAware Approximate
Thu 05:04:51 PM,67.2036,-34.5722,↗ 63°,,,,,FlightAware Approximate
Thu 05:05:53 PM,67.2671,-34.2433,↗ 63°,,,,,FlightAware Approximate
Thu 05:07:53 PM,67.3881,-33.6018,↗ 64°,,,,,FlightAware Approximate
Thu 05:08:54 PM,67.4486,-33.2732,↗ 64°,,,,,FlightAware Approximate
Thu 05:10:55 PM,67.5666,-32.6165,↗ 65°,,,,,FlightAware Approximate
Thu 05:12:51 PM,67.6773,-31.9808,↗ 65°,,,,,FlightAware Approximate
Thu 05:13:53 PM,67.7354,-31.6386,→ 66°,,,,,FlightAware Approximate
Thu 05:15:48 PM,67.8413,-30.9994,→ 66°,,,,,FlightAware Approximate
Thu 05:16:54 PM,67.9009,-30.6299,→ 67°,,,,,FlightAware Approximate
Thu 05:18:48 PM,68.0028,-29.9886,↗ 56°,,,,,FlightAware Approximate
Thu 05:19:53 PM,68.085,-29.6558,↗ 56°,,,,,FlightAware Approximate
Thu 05:20:54 PM,68.1615,-29.3413,↗ 57°,,,,,FlightAware Approximate
Thu 05:21:54 PM,68.2361,-29.0299,↗ 57°,,,,,FlightAware Approximate
Thu 05:23:54 PM,68.3838,-28.4013,↗ 57°,,,,,FlightAware Approximate
Thu 05:24:55 PM,68.4585,-28.0797,↗ 58°,,,,,FlightAware Approximate
Thu 05:25:55 PM,68.5315,-27.7612,↗ 58°,,,,,FlightAware Approximate
Thu 05:27:46 PM,68.6648,-27.1667,↗ 58°,,,,,FlightAware Approximate
Thu 05:28:50 PM,68.7407,-26.8207,↗ 59°,,,,,FlightAware Approximate
Thu 05:29:53 PM,68.8145,-26.4775,↗ 59°,,,,,FlightAware Approximate
Thu 05:31:43 PM,68.9418,-25.8728,↗ 59°,,,,,FlightAware Approximate
Thu 05:32:47 PM,69.0149,-25.5177,↗ 60°,,,,,FlightAware Approximate
Thu 05:33:51 PM,69.0872,-25.1603,↗ 60°,,,,,FlightAware Approximate
Thu 05:34:55 PM,69.1587,-24.8006,↗ 61°,,,,,FlightAware Approximate
Thu 05:36:53 PM,69.2887,-24.1311,↗ 61°,,,,,FlightAware Approximate
Thu 05:38:49 PM,69.4138,-23.4651,↗ 62°,,,,,FlightAware Approximate
Thu 05:39:53 PM,69.4815,-23.094,↗ 62°,,,,,FlightAware Approximate
Thu 05:40:54 PM,69.5452,-22.7381,↗ 63°,,,,,FlightAware Approximate
Thu 05:42:46 PM,69.6604,-22.0791,↗ 63°,,,,,FlightAware Approximate
Thu 05:43:52 PM,69.7271,-21.6874,↗ 64°,,,,,FlightAware Approximate
Thu 05:44:52 PM,69.787,-21.3292,↗ 64°,,,,,FlightAware Approximate
Thu 05:45:52 PM,69.8461,-20.969,↗ 64°,,,,,FlightAware Approximate
Thu 05:46:55 PM,69.9074,-20.5886,↗ 65°,,,,,FlightAware Approximate
Thu 05:48:46 PM,70.0119,-19.911,→ 69°,,,,,FlightAware Approximate
Thu 05:49:49 PM,70.0639,-19.516,→ 69°,,,,,FlightAware Approximate
Thu 05:50:53 PM,70.1158,-19.1127,→ 69°,,,,,FlightAware Approximate
Thu 05:52:55 PM,70.2122,-18.3384,→ 69°,,,,,FlightAware Approximate
Thu 05:54:53 PM,70.3023,-17.5827,→ 70°,,,,,FlightAware Approximate
Thu 05:55:54 PM,70.3476,-17.1895,→ 71°,,,,,FlightAware Approximate
Thu 05:57:53 PM,70.4335,-16.4174,→ 71°,,,,,FlightAware Approximate
Thu 05:59:50 PM,70.5147,-15.652,→ 72°,,,,,FlightAware Approximate
Thu 06:00:51 PM,70.5558,-15.2506,→ 73°,,,,,FlightAware Approximate
Thu 06:01:53 PM,70.5967,-14.8409,→ 73°,,,,,FlightAware Approximate
Thu 06:03:50 PM,70.6712,-14.0633,→ 74°,,,,,FlightAware Approximate
Thu 06:04:54 PM,70.7106,-13.6356,→ 74°,,,,,FlightAware Approximate
Thu 06:06:46 PM,70.7771,-12.883,→ 75°,,,,,FlightAware Approximate
Thu 06:07:51 PM,70.8143,-12.444,→ 75°,,,,,FlightAware Approximate
Thu 06:08:54 PM,70.8493,-12.017,→ 76°,,,,,FlightAware Approximate
Thu 06:10:54 PM,70.9133,-11.1995,→ 76°,,,,,FlightAware Approximate
Thu 06:12:47 PM,70.9703,-10.425,→ 77°,,,,,FlightAware Approximate
Thu 06:13:52 PM,71.0006,-9.9771,→ 85°,,,,,FlightAware Approximate
Thu 06:15:49 PM,71.0213,-9.1547,→ 85°,,,,,FlightAware Approximate
Thu 06:16:55 PM,71.0314,-8.69,→ 86°,,,,,FlightAware Approximate
Thu 06:18:53 PM,71.0465,-7.8582,→ 86°,,,,,FlightAware Approximate
Thu 06:20:51 PM,71.0579,-7.0253,→ 87°,,,,,FlightAware Approximate
Thu 06:21:51 PM,71.0622,-6.6014,→ 88°,,,,,FlightAware Approximate
Thu 06:22:53 PM,71.0657,-6.1632,→ 88°,,,,,FlightAware Approximate
Thu 06:24:51 PM,71.0695,-5.329,→ 89°,,,,,FlightAware Approximate
Thu 06:26:53 PM,71.0689,-4.4663,→ 90°,,,,,FlightAware Approximate
Thu 06:28:51 PM,71.0642,-3.6322,→ 91°,,,,,FlightAware Approximate
Thu 06:29:53 PM,71.0602,-3.1941,→ 91°,,,,,FlightAware Approximate
Thu 06:30:55 PM,71.0552,-2.7562,→ 92°,,,,,FlightAware Approximate
Thu 06:32:55 PM,71.0426,-1.9094,→ 92°,,,,,FlightAware Approximate
Thu 06:34:50 PM,71.0269,-1.0991,→ 93°,,,,,FlightAware Approximate
Thu 06:35:52 PM,71.017,-0.6628,→ 94°,,,,,FlightAware Approximate
Thu 06:37:41 PM,70.9955,0.1025,→ 98°,,,,,FlightAware Approximate
Thu 06:38:47 PM,70.9745,0.5627,→ 98°,,,,,FlightAware Approximate
Thu 06:39:53 PM,70.9523,1.0219,→ 98°,,,,,FlightAware Approximate
Thu 06:41:49 PM,70.9106,1.8264,→ 99°,,,,,FlightAware Approximate
Thu 06:43:47 PM,70.8647,2.6412,→ 99°,,,,,FlightAware Approximate
Thu 06:44:53 PM,70.8374,3.0952,→ 100°,,,,,FlightAware Approximate
Thu 06:46:54 PM,70.7845,3.9243,→ 101°,,,,,FlightAware Approximate
Thu 06:48:52 PM,70.7294,4.7284,→ 101°,,,,,FlightAware Approximate
Thu 06:50:50 PM,70.67,5.5274,→ 102°,,,,,FlightAware Approximate
Thu 06:51:50 PM,70.6383,5.9318,→ 103°,,,,,FlightAware Approximate
Thu 06:53:41 PM,70.5774,6.6765,→ 103°,,,,,FlightAware Approximate
Thu 06:54:49 PM,70.5387,7.1304,→ 104°,,,,,FlightAware Approximate
Thu 06:55:54 PM,70.5005,7.5627,→ 105°,,,,,FlightAware Approximate
Thu 06:57:54 PM,70.4274,8.3563,→ 105°,,,,,FlightAware Approximate
Thu 06:59:46 PM,70.356,9.0918,→ 106°,,,,,FlightAware Approximate
Thu 07:00:51 PM,70.3132,9.5163,→ 106°,,,,,FlightAware Approximate
Thu 07:01:54 PM,70.2708,9.926,→ 107°,,,,,FlightAware Approximate
Thu 07:03:54 PM,70.1874,10.7016,→ 107°,,,,,FlightAware Approximate
Thu 07:05:50 PM,69.888,11.1244,↘ 112°,472,543,"37,000",,FlightAware ADS-B (BOO / ENBO)
Thu 07:06:20 PM,69.8642,11.296,↘ 112°,472,543,"37,000",,FlightAware ADS-B (BOO / ENBO)
Thu 07:08:52 PM,69.7772,12.2748,→ 104°,,,,,Estimated
Thu 07:09:13 PM,69.72,12.3053,↘ 113°,473,544,"37,000",,FlightAware ADS-B (EVE / ENEV)
Thu 07:09:54 PM,69.6857,12.5381,↘ 113°,472,543,"37,000",,FlightAware ADS-B (EVE / ENEV)
Thu 07:10:53 PM,69.6341,12.8825,↘ 114°,470,541,"37,000",,FlightAware ADS-B (EVE / ENEV)
Thu 07:11:24 PM,69.6076,13.0568,↘ 114°,469,540,"37,000",,FlightAware ADS-B (EVE / ENEV)
Thu 07:11:54 PM,69.5818,13.2259,↘ 114°,467,537,"37,000",,FlightAware ADS-B (EVE / ENEV)
Thu 07:12:24 PM,69.5556,13.3947,↘ 114°,466,536,"37,000",,FlightAware ADS-B (EVE / ENEV)
Thu 07:12:54 PM,69.5293,13.5635,↘ 114°,467,537,"37,000",,FlightAware ADS-B (EVE / ENEV)
Thu 07:13:24 PM,69.5033,13.731,↘ 113°,468,539,"37,000",,FlightAware ADS-B (EVE / ENEV)
Thu 07:13:54 PM,69.4812,13.9072,→ 106°,473,544,"37,000",,FlightAware ADS-B (EVE / ENEV)
Thu 07:14:24 PM,69.4652,14.0819,→ 105°,474,545,"37,000",,FlightAware ADS-B (ENF / EFET)
Thu 07:14:58 PM,69.4467,14.2835,→ 105°,474,545,"37,000",,FlightAware ADS-B (ENF / EFET)
Thu 07:15:32 PM,69.4274,14.4911,→ 105°,476,548,"37,000",,FlightAware ADS-B (TOS / ENTC)
Thu 07:16:03 PM,69.4096,14.6797,→ 105°,477,549,"37,000",,FlightAware ADS-B (TOS / ENTC)
Thu 07:16:41 PM,69.3882,14.9042,→ 105°,476,548,"37,000",,FlightAware ADS-B (BOO / ENBO)
Thu 07:17:14 PM,69.3682,15.1092,→ 106°,475,547,"37,000",,FlightAware ADS-B (EVE / ENEV)
Thu 07:17:44 PM,69.351,15.2842,→ 106°,476,548,"37,000",,FlightAware ADS-B (TOS / ENTC)
Thu 07:18:14 PM,69.333,15.4648,→ 106°,474,545,"37,000",,FlightAware ADS-B (TOS / ENTC)
Thu 07:18:44 PM,69.3148,15.6452,→ 106°,472,543,"37,000",,FlightAware ADS-B (EVE / ENEV)
Thu 07:19:14 PM,69.2975,15.8163,→ 106°,472,543,"37,000",,FlightAware ADS-B (TOS / ENTC)
Thu 07:19:44 PM,69.2787,15.9977,→ 106°,472,543,"37,000",,FlightAware ADS-B (TOS / ENTC)
Thu 07:20:14 PM,69.2603,16.1747,→ 106°,473,544,"37,000",,FlightAware ADS-B (TOS / ENTC)
Thu 07:20:44 PM,69.2415,16.352,→ 107°,474,545,"37,000",,FlightAware ADS-B (TOS / ENTC)
Thu 07:21:14 PM,69.2228,16.5274,→ 107°,475,547,"37,000",,FlightAware ADS-B (TOS / ENTC)
Thu 07:21:44 PM,69.2035,16.7058,→ 107°,476,548,"37,000",,FlightAware ADS-B (TOS / ENTC)
Thu 07:22:15 PM,69.1838,16.887,→ 107°,475,547,"37,000",,FlightAware ADS-B (EVE / ENEV)
Thu 07:22:45 PM,69.1642,17.0645,→ 107°,475,547,"37,000",,FlightAware ADS-B (EVE / ENEV)
Thu 07:23:15 PM,69.1444,17.2413,→ 108°,476,548,"37,000",,FlightAware ADS-B (EVE / ENEV)
Thu 07:23:45 PM,69.1247,17.4163,→ 108°,474,545,"37,000",,FlightAware ADS-B (EVE / ENEV)
Thu 07:24:15 PM,69.1048,17.5913,→ 108°,472,543,"37,000",-25,FlightAware ADS-B (EVE / ENEV)
Thu 07:24:45 PM,69.0849,17.7637,→ 108°,468,539,"36,975",,FlightAware ADS-B (EVE / ENEV)
Thu 07:25:16 PM,69.065,17.9344,→ 108°,466,536,"37,000",25,FlightAware ADS-B (KTT / EFKT)
Thu 07:25:46 PM,69.045,18.104,→ 108°,467,537,"37,000",,FlightAware ADS-B (KTT / EFKT)
Thu 07:26:37 PM,69.0108,18.3907,→ 109°,461,531,"37,000",,FlightAware ADS-B (TOS / ENTC)
Thu 07:27:10 PM,68.9875,18.5829,→ 109°,460,529,"37,000",24,FlightAware ADS-B (EVE / ENEV)
Thu 07:27:40 PM,68.9669,18.7516,→ 109°,462,532,"37,025",,FlightAware ADS-B (EVE / ENEV)
Thu 07:28:11 PM,68.946,18.9204,→ 109°,462,532,"37,000",-19,FlightAware ADS-B (HFT / ENHF)
Thu 07:28:58 PM,68.9129,19.1853,→ 109°,461,531,"37,000",,FlightAware ADS-B (EVE / ENEV)
Thu 07:29:32 PM,68.889,19.3739,→ 110°,457,526,"37,000",,FlightAware ADS-B (KRN / ESNQ)
Thu 07:30:02 PM,68.8681,19.537,→ 110°,455,524,"37,000",,FlightAware ADS-B (ENF / EFET)
Thu 07:30:32 PM,68.8472,19.6985,→ 110°,457,526,"37,000",,FlightAware ADS-B (KTT / EFKT)
Thu 07:31:02 PM,68.8256,19.864,→ 110°,459,528,"37,000",,FlightAware ADS-B (KTT / EFKT)
Thu 07:31:33 PM,68.8034,20.0321,→ 110°,460,529,"37,000",,FlightAware ADS-B (TOS / ENTC)
Thu 07:32:03 PM,68.7811,20.1997,→ 110°,464,534,"37,000",,FlightAware ADS-B (TOS / ENTC)
Thu 07:32:33 PM,68.7591,20.3643,→ 110°,464,534,"37,000",,FlightAware ADS-B (ENF / EFET)
Thu 07:33:03 PM,68.7368,20.529,↘ 111°,462,532,"37,000",,FlightAware ADS-B (ENF / EFET)
Thu 07:33:33 PM,68.7142,20.6942,↘ 111°,461,531,"37,000",,FlightAware ADS-B (KTT / EFKT)
Thu 07:34:03 PM,68.6914,20.8589,↘ 111°,460,529,"37,000",,FlightAware ADS-B (ENF / EFET)
Thu 07:34:33 PM,68.6687,21.0217,↘ 111°,458,527,"37,000",,FlightAware ADS-B (ENF / EFET)
Thu 07:35:03 PM,68.6461,21.1833,↘ 111°,459,528,"37,000",,FlightAware ADS-B (ENF / EFET)
Thu 07:35:33 PM,68.6229,21.3466,↘ 111°,459,528,"37,000",,FlightAware ADS-B (ENF / EFET)
Thu 07:36:03 PM,68.6,21.5065,↘ 112°,461,531,"37,000",,FlightAware ADS-B (ENF / EFET)
Thu 07:36:33 PM,68.5771,21.6654,↘ 112°,462,532,"37,000",,FlightAware ADS-B (KTT / EFKT)
Thu 07:37:03 PM,68.5528,21.8326,↘ 112°,463,533,"37,000",,FlightAware ADS-B (KTT / EFKT)
Thu 07:37:33 PM,68.5289,21.9957,↘ 112°,464,534,"37,000",,FlightAware ADS-B (ENF / EFET)
Thu 07:38:03 PM,68.5053,22.1546,↘ 112°,464,534,"37,000",,FlightAware ADS-B (KTT / EFKT)
Thu 07:38:33 PM,68.4812,22.3161,↘ 112°,464,534,"37,000",,FlightAware ADS-B (ENF / EFET)
Thu 07:39:03 PM,68.457,22.4771,↘ 113°,465,535,"37,000",,FlightAware ADS-B (KTT / EFKT)
Thu 07:39:33 PM,68.4326,22.6376,↘ 112°,466,536,"37,000",,FlightAware ADS-B (KTT / EFKT)
Thu 07:40:03 PM,68.4072,22.8032,↘ 113°,466,536,"37,000",,FlightAware ADS-B (KTT / EFKT)
Thu 07:40:34 PM,68.3819,22.9671,↘ 113°,468,539,"37,000",,FlightAware ADS-B (ENF / EFET)
Thu 07:41:04 PM,68.3567,23.1291,↘ 113°,469,540,"37,000",,FlightAware ADS-B (ENF / EFET)
Thu 07:41:34 PM,68.3317,23.288,↘ 113°,471,542,"37,000",,FlightAware ADS-B (ENF / EFET)
Thu 07:42:04 PM,68.3054,23.4536,↘ 113°,472,543,"37,000",,FlightAware ADS-B (KTT / EFKT)
Thu 07:42:34 PM,68.2798,23.6143,↘ 113°,473,544,"37,000",,FlightAware ADS-B (ENF / EFET)
Thu 07:43:12 PM,68.2455,23.827,↘ 114°,473,544,"37,000",,FlightAware ADS-B (KRN / ESNQ)
Thu 07:43:43 PM,68.219,23.9897,↘ 114°,471,542,"37,000",,FlightAware ADS-B (KRN / ESNQ)
Thu 07:44:13 PM,68.1922,24.1523,↘ 114°,471,542,"37,000",,FlightAware ADS-B (KRN / ESNQ)
Thu 07:44:43 PM,68.1657,24.3126,↘ 114°,470,541,"37,000",,FlightAware ADS-B (KRN / ESNQ)
Thu 07:45:14 PM,68.1387,24.4743,↘ 114°,469,540,"37,000",,FlightAware ADS-B (KRN / ESNQ)
Thu 07:45:44 PM,68.1115,24.6358,↘ 114°,469,540,"37,000",,FlightAware ADS-B (KRN / ESNQ)
Thu 07:46:15 PM,68.0851,24.7914,↘ 115°,469,540,"37,000",,FlightAware ADS-B (KRN / ESNQ)
Thu 07:46:45 PM,68.0575,24.9523,↘ 115°,469,540,"37,000",,FlightAware ADS-B (KRN / ESNQ)
Thu 07:47:15 PM,68.0302,25.111,↘ 115°,469,540,"37,000",,FlightAware ADS-B (KRN / ESNQ)
Thu 07:47:46 PM,68.0024,25.2712,↘ 115°,470,541,"37,000",,FlightAware ADS-B (KRN / ESNQ)
Thu 07:48:16 PM,67.9748,25.4282,↘ 115°,470,541,"37,000",,FlightAware ADS-B (KRN / ESNQ)
Thu 07:48:46 PM,67.9465,25.5885,↘ 115°,471,542,"37,000",,FlightAware ADS-B (KRN / ESNQ)
Thu 07:49:16 PM,67.9189,25.7435,↘ 115°,471,542,"37,000",,FlightAware ADS-B (KRN / ESNQ)
Thu 07:49:47 PM,67.8901,25.9046,↘ 116°,471,542,"37,000",,FlightAware ADS-B (KRN / ESNQ)
Thu 07:50:18 PM,67.8614,26.0633,↘ 116°,472,543,"37,000",,FlightAware ADS-B (KRN / ESNQ)
Thu 07:50:48 PM,67.8328,26.2202,↘ 116°,472,543,"37,000",,FlightAware ADS-B (KRN / ESNQ)
Thu 07:51:18 PM,67.8038,26.3778,↘ 116°,474,545,"37,000",,FlightAware ADS-B (KRN / ESNQ)
Thu 07:51:49 PM,67.7746,26.5355,↘ 116°,475,547,"37,000",,FlightAware ADS-B (KRN / ESNQ)
Thu 07:52:19 PM,67.7455,26.6914,↘ 116°,474,545,"37,000",,FlightAware ADS-B (KRN / ESNQ)
Thu 07:52:50 PM,67.7158,26.8498,↘ 116°,475,547,"37,000",,FlightAware ADS-B (KRN / ESNQ)
Thu 07:53:20 PM,67.6863,27.0057,↘ 117°,473,544,"37,000",,FlightAware ADS-B (KRN / ESNQ)
Thu 07:53:50 PM,67.6566,27.1613,↘ 117°,474,545,"37,000",,FlightAware ADS-B (KRN / ESNQ)
Thu 07:54:21 PM,67.6267,27.3169,↘ 117°,473,544,"37,000",,FlightAware ADS-B (KRN / ESNQ)
Thu 07:54:51 PM,67.5968,27.4712,↘ 117°,472,543,"37,000",,FlightAware ADS-B (KRN / ESNQ)
Thu 07:55:21 PM,67.567,27.6239,↘ 117°,472,543,"37,000",,FlightAware ADS-B (KRN / ESNQ)
Thu 07:55:52 PM,67.537,27.7768,↘ 117°,472,543,"37,000",,FlightAware ADS-B (KRN / ESNQ)
Thu 07:56:22 PM,67.5067,27.9297,↘ 117°,473,544,"37,000",,FlightAware ADS-B (KRN / ESNQ)
Thu 07:56:52 PM,67.4763,28.082,↘ 118°,472,543,"37,000",,FlightAware ADS-B (KRN / ESNQ)
Thu 07:57:23 PM,67.4455,28.2353,↘ 118°,472,543,"37,000",,FlightAware ADS-B (KRN / ESNQ)
Thu 07:57:53 PM,67.4149,28.3867,↘ 118°,472,543,"37,000",,FlightAware ADS-B (KRN / ESNQ)
Thu 07:58:23 PM,67.3842,28.5375,↘ 118°,472,543,"37,000",,FlightAware ADS-B (KRN / ESNQ)
Thu 07:58:53 PM,67.353,28.6892,↘ 118°,473,544,"37,000",,FlightAware ADS-B (KRN / ESNQ)
Thu 07:59:36 PM,67.3107,28.8937,↘ 118°,473,544,"37,000",,FlightAware ADS-B (KTT / EFKT)
Thu 08:00:10 PM,67.2751,29.0641,↘ 119°,475,547,"37,000",,FlightAware ADS-B (RVN / EFRO)
Thu 08:00:40 PM,67.2435,29.2143,↘ 119°,476,548,"37,000",,FlightAware ADS-B (RVN / EFRO)
Thu 08:01:13 PM,67.2108,29.3812,↘ 113°,480,552,"37,000",,FlightAware ADS-B (RVN / EFRO)
Thu 08:01:43 PM,67.1899,29.5432,→ 104°,485,558,"37,000",,FlightAware ADS-B (PJA / ESUP)
Thu 08:02:23 PM,67.1677,29.7672,→ 104°,485,558,"37,000",,FlightAware ADS-B (PJA / ESUP)
Thu 08:02:53 PM,67.1506,29.9367,→ 105°,486,559,"37,000",,FlightAware ADS-B (RVN / EFRO)
Thu 08:03:23 PM,67.1339,30.1005,→ 105°,486,559,"37,000",,FlightAware ADS-B (PJA / ESUP)
Thu 08:03:53 PM,67.1164,30.2695,→ 105°,486,559,"37,000",,FlightAware ADS-B (RVN / EFRO)
Thu 08:04:27 PM,67.0962,30.4632,→ 105°,483,556,"37,000",,FlightAware ADS-B (MMK / ULMM)
Thu 08:04:58 PM,67.079,30.626,→ 105°,482,555,"37,000",,FlightAware ADS-B (MMK / ULMM)
Thu 08:05:28 PM,67.0609,30.7949,→ 105°,481,554,"37,000",,FlightAware ADS-B (MMK / ULMM)
Thu 08:05:58 PM,67.043,30.96,→ 106°,482,555,"37,000",,FlightAware ADS-B (MMK / ULMM)
Thu 08:06:34 PM,67.0227,31.1451,→ 106°,482,555,"37,000",,FlightAware ADS-B (KTT / EFKT)
Thu 08:07:15 PM,66.9972,31.3758,→ 106°,482,555,"37,000",,FlightAware ADS-B (MMK / ULMM)
Thu 08:07:48 PM,66.977,31.5546,→ 106°,482,555,"37,000",,FlightAware ADS-B (RVN / EFRO)
Thu 08:08:18 PM,66.9581,31.721,→ 106°,483,556,"37,000",,FlightAware ADS-B (RVN / EFRO)
Thu 08:08:48 PM,66.9393,31.8839,→ 106°,484,557,"37,000",,FlightAware ADS-B (RVN / EFRO)
Thu 08:09:18 PM,66.9203,32.048,→ 107°,484,557,"37,000",,FlightAware ADS-B (RVN / EFRO)
Thu 08:09:48 PM,66.9013,32.2099,→ 107°,485,558,"37,000",,FlightAware ADS-B (RVN / EFRO)
Thu 08:10:18 PM,66.8818,32.3743,→ 107°,486,559,"37,000",,FlightAware ADS-B (RVN / EFRO)
Thu 08:11:43 PM,66.8263,32.8396,→ 107°,487,560,"37,000",,FlightAware ADS-B (MMK / ULMM)
Thu 08:12:16 PM,66.8044,33.0195,→ 107°,487,560,"37,000",,FlightAware ADS-B (MMK / ULMM)
Thu 08:12:46 PM,66.7845,33.1825,→ 107°,486,559,"37,000",,FlightAware ADS-B (MMK / ULMM)
Thu 08:13:18 PM,66.764,33.3476,→ 108°,486,559,"37,000",,FlightAware ADS-B (MMK / ULMM)
Thu 08:13:48 PM,66.7428,33.5162,→ 108°,485,558,"37,000",,FlightAware ADS-B (MMK / ULMM)
Thu 08:14:33 PM,66.7127,33.7544,→ 108°,485,558,"37,000",,FlightAware ADS-B (MMK / ULMM)
Thu 08:15:05 PM,66.6906,33.9291,→ 108°,485,558,"37,000",,FlightAware ADS-B (ARH / ULAA)
Thu 08:15:36 PM,66.6696,34.0931,→ 108°,486,559,"37,000",,FlightAware ADS-B (ARH / ULAA)
Thu 08:16:36 PM,66.6278,34.4147,→ 108°,486,559,"37,000",,FlightAware ADS-B (ARH / ULAA)
Thu 08:17:06 PM,66.6067,34.5739,→ 108°,487,560,"37,000",,FlightAware ADS-B (ARH / ULAA)
Thu 08:18:06 PM,66.5636,34.8952,→ 109°,485,558,"37,000",,FlightAware ADS-B (ARH / ULAA)
Thu 08:18:36 PM,66.5419,35.055,→ 109°,484,557,"37,000",,FlightAware ADS-B (ARH / ULAA)
Thu 08:19:06 PM,66.5202,35.2141,→ 109°,485,558,"37,000",,FlightAware ADS-B (ARH / ULAA)
Thu 08:19:36 PM,66.4983,35.3722,→ 109°,486,559,"37,000",,FlightAware ADS-B (ARH / ULAA)
Thu 08:20:06 PM,66.4758,35.5337,→ 109°,486,559,"37,000",,FlightAware ADS-B (ARH / ULAA)
Thu 08:20:36 PM,66.4538,35.6902,→ 110°,487,560,"37,000",,FlightAware ADS-B (ARH / ULAA)
Thu 08:21:06 PM,66.4312,35.849,→ 110°,487,560,"37,000",,FlightAware ADS-B (ARH / ULAA)
Thu 08:21:36 PM,66.4084,36.0077,→ 110°,487,560,"37,000",,FlightAware ADS-B (ARH / ULAA)
Thu 08:22:06 PM,66.3856,36.1669,→ 110°,487,560,"37,000",,FlightAware ADS-B (ARH / ULAA)
Thu 08:22:37 PM,66.3629,36.3244,→ 110°,486,559,"37,000",,FlightAware ADS-B (ARH / ULAA)
Thu 08:23:07 PM,66.3401,36.4811,→ 110°,484,557,"37,000",,FlightAware ADS-B (ARH / ULAA)
Thu 08:23:37 PM,66.3169,36.6384,→ 110°,484,557,"37,000",,FlightAware ADS-B (ARH / ULAA)
Thu 08:24:06 PM,66.2935,36.7881,↘ 116°,484,557,"37,000",,FlightAware ADS-B (ARH / ULAA)
Thu 08:24:33 PM,66.2614,36.9139,↘ 129°,487,560,"37,000",,FlightAware ADS-B (PES / ULPB)
Thu 08:25:31 PM,66.1692,37.1494,↘ 135°,491,565,"37,000",,FlightAware ADS-B (ARH / ULAA)
Thu 08:26:01 PM,66.1214,37.2666,↘ 135°,489,563,"37,000",,FlightAware ADS-B (ARH / ULAA)
Thu 08:26:31 PM,66.0731,37.3848,↘ 135°,487,560,"37,000",,FlightAware ADS-B (ARH / ULAA)
Thu 08:27:01 PM,66.0261,37.4998,↘ 135°,487,560,"37,000",,FlightAware ADS-B (ARH / ULAA)
Thu 08:27:31 PM,65.978,37.6163,↘ 135°,486,559,"37,000",,FlightAware ADS-B (ARH / ULAA)
Thu 08:28:01 PM,65.9295,37.7335,↘ 136°,487,560,"37,000",,FlightAware ADS-B (ARH / ULAA)
Thu 08:28:32 PM,65.8812,37.8494,↘ 136°,486,559,"37,000",,FlightAware ADS-B (ARH / ULAA)
Thu 08:29:02 PM,65.8339,37.9622,↘ 136°,485,558,"37,000",,FlightAware ADS-B (ARH / ULAA)
Thu 08:29:32 PM,65.7849,38.0784,↘ 136°,487,560,"37,000",,FlightAware ADS-B (ARH / ULAA)
Thu 08:30:02 PM,65.7368,38.1918,↘ 136°,487,560,"37,000",,FlightAware ADS-B (ARH / ULAA)
Thu 08:30:32 PM,65.6881,38.306,↘ 136°,486,559,"37,000",,FlightAware ADS-B (ARH / ULAA)
Thu 08:31:02 PM,65.6401,38.4178,↘ 136°,485,558,"37,000",,FlightAware ADS-B (ARH / ULAA)
Thu 08:31:32 PM,65.5912,38.5313,↘ 136°,486,559,"37,000",,FlightAware ADS-B (ARH / ULAA)
Thu 08:32:02 PM,65.5424,38.6441,↘ 136°,485,558,"37,000",,FlightAware ADS-B (ARH / ULAA)
Thu 08:32:32 PM,65.4939,38.7559,↘ 136°,485,558,"37,000",,FlightAware ADS-B (ARH / ULAA)
Thu 08:33:02 PM,65.4453,38.8669,↘ 137°,485,558,"37,000",,FlightAware ADS-B (ARH / ULAA)
Thu 08:33:32 PM,65.3971,38.9766,↘ 137°,486,559,"37,000",,FlightAware ADS-B (ARH / ULAA)
Thu 08:34:02 PM,65.3471,39.0897,↘ 137°,487,560,"37,000",,FlightAware ADS-B (ARH / ULAA)
Thu 08:34:32 PM,65.2987,39.1988,↘ 137°,487,560,"37,000",,FlightAware ADS-B (ARH / ULAA)
Thu 08:35:02 PM,65.2493,39.3095,↘ 137°,487,560,"37,000",,FlightAware ADS-B (ARH / ULAA)
Thu 08:35:33 PM,65.1997,39.4204,↘ 137°,488,562,"37,000",,FlightAware ADS-B (ARH / ULAA)
Thu 08:36:03 PM,65.1505,39.5299,↘ 137°,487,560,"37,000",,FlightAware ADS-B (ARH / ULAA)
Thu 08:36:33 PM,65.1011,39.6392,↘ 137°,486,559,"37,000",,FlightAware ADS-B (ARH / ULAA)
Thu 08:37:03 PM,65.0528,39.7457,↘ 137°,486,559,"37,000",,FlightAware ADS-B (ARH / ULAA)
Thu 08:37:33 PM,65.0026,39.8556,↘ 137°,486,559,"37,000",,FlightAware ADS-B (ARH / ULAA)
Thu 08:38:14 PM,64.9367,39.9991,↘ 137°,485,558,"37,000",,FlightAware ADS-B (ARH / ULAA)
Thu 08:38:57 PM,64.8642,40.1556,↘ 138°,486,559,"37,000",,FlightAware ADS-B (ARH / ULAA)
Thu 08:39:33 PM,64.805,40.2824,↘ 138°,486,559,"37,000",,FlightAware ADS-B (ARH / ULAA)
Thu 08:40:23 PM,64.7228,40.4573,↘ 138°,486,559,"37,000",,FlightAware ADS-B (ARH / ULAA)
Thu 08:40:53 PM,64.6728,40.5631,↘ 138°,485,558,"37,000",,FlightAware ADS-B (ARH / ULAA)
Thu 08:41:24 PM,64.6206,40.6716,↘ 140°,487,560,"37,000",,FlightAware ADS-B (ARH / ULAA)
Thu 08:42:05 PM,64.5487,40.7998,↘ 143°,488,562,"37,000",,FlightAware ADS-B (ARH / ULAA)
Thu 08:42:39 PM,64.4847,40.9038,↘ 145°,490,564,"37,000",,FlightAware ADS-B (ARH / ULAA)
Thu 08:43:15 PM,64.4178,41.0117,↘ 145°,490,564,"37,000",,FlightAware ADS-B (ARH / ULAA)
Thu 08:43:45 PM,64.3634,41.0994,↘ 145°,490,564,"37,000",,FlightAware ADS-B (ARH / ULAA)
Thu 08:44:28 PM,64.2828,41.2284,↘ 145°,490,564,"37,000",,FlightAware ADS-B (ARH / ULAA)
Thu 08:45:15 PM,64.1954,41.3671,↘ 145°,490,564,"37,000",,FlightAware ADS-B (ARH / ULAA)
Thu 08:45:45 PM,64.1405,41.4542,↘ 145°,491,565,"37,000",,FlightAware ADS-B (ARH / ULAA)
Thu 08:46:15 PM,64.0854,41.541,↘ 146°,490,564,"37,000",,FlightAware ADS-B (ARH / ULAA)
Thu 08:46:45 PM,64.0275,41.6315,↘ 146°,490,564,"37,000",,FlightAware ADS-B (ARH / ULAA)
Thu 08:47:15 PM,63.9716,41.7187,↘ 146°,490,564,"37,000",,FlightAware ADS-B (ARH / ULAA)
Thu 08:47:45 PM,63.916,41.8049,↘ 146°,491,565,"37,000",,FlightAware ADS-B (ARH / ULAA)
Thu 08:48:16 PM,63.8593,41.8924,↘ 146°,491,565,"37,000",,FlightAware ADS-B (ARH / ULAA)
Thu 08:49:16 PM,63.7471,42.0646,↘ 146°,491,565,"37,000",,FlightAware ADS-B (ARH / ULAA)
Thu 08:49:46 PM,63.6903,42.151,↘ 146°,491,565,"37,000",,FlightAware ADS-B (ARH / ULAA)
Thu 08:50:16 PM,63.6336,42.2368,↘ 146°,491,565,"37,000",,FlightAware ADS-B (ARH / ULAA)
Thu 08:50:46 PM,63.5776,42.3217,↘ 146°,492,566,"37,000",,FlightAware ADS-B (ARH / ULAA)
Thu 08:51:16 PM,63.5207,42.4071,↘ 146°,492,566,"37,000",,FlightAware ADS-B (ARH / ULAA)
Thu 08:51:46 PM,63.4643,42.4917,↘ 146°,492,566,"37,000",,FlightAware ADS-B (ARH / ULAA)
Thu 08:52:16 PM,63.4075,42.5763,↘ 146°,493,567,"37,000",,FlightAware ADS-B (ARH / ULAA)
Thu 08:52:46 PM,63.3505,42.6607,↘ 146°,493,567,"37,000",,FlightAware ADS-B (ARH / ULAA)
Thu 08:53:16 PM,63.2933,42.7448,↘ 147°,493,567,"37,000",,FlightAware ADS-B (ARH / ULAA)
Thu 08:53:46 PM,63.2368,42.8278,↘ 147°,494,568,"37,000",,FlightAware ADS-B (ARH / ULAA)
Thu 08:54:16 PM,63.1799,42.9111,↘ 147°,493,567,"37,000",,FlightAware ADS-B (ARH / ULAA)
Thu 08:54:46 PM,63.1222,42.9949,↘ 147°,493,567,"37,000",,FlightAware ADS-B (ARH / ULAA)
Thu 08:55:17 PM,63.0652,43.0775,↘ 147°,493,567,"37,000",,FlightAware ADS-B (ARH / ULAA)
Thu 08:56:17 PM,62.9507,43.2421,↘ 147°,494,568,"37,000",,FlightAware ADS-B (ARH / ULAA)
Thu 08:56:47 PM,62.8929,43.3245,↘ 147°,494,568,"37,000",,FlightAware ADS-B (ARH / ULAA)
Thu 08:57:17 PM,62.8359,43.4057,↘ 147°,495,570,"37,000",,FlightAware ADS-B (ARH / ULAA)
Thu 08:57:47 PM,62.7781,43.4871,↘ 147°,492,566,"37,000",,FlightAware ADS-B (ARH / ULAA)
Thu 08:58:17 PM,62.7211,43.5673,↘ 147°,490,564,"37,000",,FlightAware ADS-B (ARH / ULAA)
Thu 08:58:47 PM,62.6651,43.6458,↘ 147°,490,564,"37,000",,FlightAware ADS-B (ARH / ULAA)
Thu 08:59:28 PM,62.5858,43.7564,↘ 147°,491,565,"37,000",,FlightAware ADS-B (ARH / ULAA)
Thu 09:00:05 PM,62.5321,43.8379,↘ 144°,487,560,"37,000",,FlightAware ADS-B (PES / ULPB)
Thu 09:00:38 PM,62.4596,43.9505,↘ 145°,484,557,"37,000",,FlightAware ADS-B (KSZ / ULKK)
Thu 09:01:13 PM,62.3943,44.0505,↘ 145°,484,557,"37,000",,FlightAware ADS-B (ARH / ULAA)
Thu 09:01:43 PM,62.3392,44.1335,↘ 145°,482,555,"37,000",,FlightAware ADS-B (ARH / ULAA)
Thu 09:02:14 PM,62.284,44.216,↘ 145°,483,556,"37,000",,FlightAware ADS-B (ARH / ULAA)
Thu 09:02:47 PM,62.222,44.3081,↘ 145°,485,558,"37,000",,FlightAware ADS-B (SCW / UUYY)
Thu 09:03:17 PM,62.1685,44.3873,↘ 145°,485,558,"37,000",,FlightAware ADS-B (SCW / UUYY)
Thu 09:03:48 PM,62.1116,44.4713,↘ 145°,487,560,"37,000",,FlightAware ADS-B (SCW / UUYY)
Thu 09:04:37 PM,62.021,44.6044,↘ 146°,489,563,"37,000",,FlightAware ADS-B (KSZ / ULKK)
Thu 09:05:07 PM,61.9638,44.6878,↘ 146°,489,563,"37,000",,FlightAware ADS-B (KSZ / ULKK)
Thu 09:05:37 PM,61.9087,44.7681,↘ 146°,487,560,"37,000",,FlightAware ADS-B (KSZ / ULKK)
Thu 09:06:07 PM,61.8529,44.8491,↘ 146°,487,560,"37,000",,FlightAware ADS-B (KSZ / ULKK)
Thu 09:06:37 PM,61.7968,44.9299,↘ 146°,485,558,"37,000",,FlightAware ADS-B (KSZ / ULKK)
Thu 09:07:07 PM,61.7414,45.0095,↘ 146°,485,558,"37,000",,FlightAware ADS-B (KSZ / ULKK)
Thu 09:07:44 PM,61.6766,45.1105,↘ 141°,483,556,"37,000",,FlightAware ADS-B (KSZ / ULKK)
Thu 09:08:32 PM,61.5947,45.2542,↘ 140°,482,555,"37,000",,FlightAware ADS-B (KSZ / ULKK)
Thu 09:09:02 PM,61.5427,45.3447,↘ 140°,483,556,"37,000",,FlightAware ADS-B (ARH / ULAA)
Thu 09:09:32 PM,61.4915,45.4332,↘ 140°,483,556,"37,000",,FlightAware ADS-B (KSZ / ULKK)
Thu 09:10:02 PM,61.4393,45.5232,↘ 141°,485,558,"37,000",,FlightAware ADS-B (KSZ / ULKK)
Thu 09:10:32 PM,61.3873,45.6124,↘ 141°,485,558,"37,000",,FlightAware ADS-B (KSZ / ULKK)
Thu 09:11:02 PM,61.3357,45.7006,↘ 141°,487,560,"37,000",,FlightAware ADS-B (KSZ / ULKK)
Thu 09:11:32 PM,61.2829,45.7905,↘ 141°,486,559,"37,000",,FlightAware ADS-B (KSZ / ULKK)
Thu 09:12:02 PM,61.2318,45.8768,↘ 141°,485,558,"37,000",,FlightAware ADS-B (KSZ / ULKK)
Thu 09:12:32 PM,61.179,45.966,↘ 141°,486,559,"37,000",,FlightAware ADS-B (KSZ / ULKK)
Thu 09:13:02 PM,61.1263,46.0543,↘ 141°,486,559,"37,000",,FlightAware ADS-B (KSZ / ULKK)
Thu 09:13:33 PM,61.0748,46.1407,↘ 141°,486,559,"37,000",,FlightAware ADS-B (KSZ / ULKK)
Thu 09:14:03 PM,61.0221,46.2285,↘ 141°,488,562,"37,000",,FlightAware ADS-B (KSZ / ULKK)
Thu 09:14:33 PM,60.9689,46.3165,↘ 141°,490,564,"37,000",,FlightAware ADS-B (KSZ / ULKK)
Thu 09:15:03 PM,60.9157,46.4045,↘ 141°,491,565,"37,000",,FlightAware ADS-B (KSZ / ULKK)
Thu 09:15:33 PM,60.8631,46.4911,↘ 141°,490,564,"37,000",,FlightAware ADS-B (KSZ / ULKK)
Thu 09:16:03 PM,60.8095,46.5789,↘ 141°,490,564,"37,000",,FlightAware ADS-B (KSZ / ULKK)
Thu 09:16:33 PM,60.7563,46.6657,↘ 141°,492,566,"37,000",,FlightAware ADS-B (KSZ / ULKK)
Thu 09:17:03 PM,60.7034,46.752,↘ 141°,494,568,"37,000",,FlightAware ADS-B (KSZ / ULKK)
Thu 09:17:33 PM,60.6492,46.8399,↘ 142°,494,568,"37,000",,FlightAware ADS-B (KSZ / ULKK)
Thu 09:18:03 PM,60.5958,46.926,↘ 142°,493,567,"37,000",,FlightAware ADS-B (KSZ / ULKK)
Thu 09:18:34 PM,60.5426,47.0115,↘ 142°,491,565,"37,000",,FlightAware ADS-B (KSZ / ULKK)
Thu 09:19:04 PM,60.4887,47.0978,↘ 142°,489,563,"37,000",,FlightAware ADS-B (KSZ / ULKK)
Thu 09:19:34 PM,60.4359,47.1819,↘ 142°,488,562,"37,000",,FlightAware ADS-B (KSZ / ULKK)
Thu 09:20:04 PM,60.3826,47.2663,↘ 142°,488,562,"37,000",,FlightAware ADS-B (KSZ / ULKK)
Thu 09:20:34 PM,60.3292,47.3507,↘ 142°,490,564,"37,000",,FlightAware ADS-B (KSZ / ULKK)
Thu 09:21:08 PM,60.2683,47.4464,↘ 142°,491,565,"37,000",,FlightAware ADS-B (VUS / ULWU)
Thu 09:21:42 PM,60.206,47.5406,↘ 145°,490,564,"37,000",,FlightAware ADS-B (KSZ / ULKK)
Thu 09:22:38 PM,60.1012,47.6775,↘ 147°,490,564,"37,000",,FlightAware ADS-B (SCW / UUYY)
Thu 09:23:08 PM,60.0442,47.7507,↘ 147°,489,563,"37,000",,FlightAware ADS-B (SCW / UUYY)
Thu 09:23:38 PM,59.9867,47.8242,↘ 148°,490,564,"37,000",,FlightAware ADS-B (VUS / ULWU)
Thu 09:24:08 PM,59.9304,47.8957,↘ 147°,490,564,"37,000",,FlightAware ADS-B (SCW / UUYY)
Thu 09:24:38 PM,59.8733,47.9684,↘ 147°,490,564,"37,000",,FlightAware ADS-B (SCW / UUYY)
Thu 09:25:08 PM,59.8155,48.0416,↘ 148°,491,565,"37,000",,FlightAware ADS-B (SCW / UUYY)
Thu 09:25:38 PM,59.7582,48.1137,↘ 148°,490,564,"37,000",,FlightAware ADS-B (SCW / UUYY)
Thu 09:26:08 PM,59.7005,48.186,↘ 148°,488,562,"37,000",,FlightAware ADS-B (SCW / UUYY)
Thu 09:26:38 PM,59.6437,48.2568,↘ 148°,488,562,"37,000",,FlightAware ADS-B (SCW / UUYY)
Thu 09:27:08 PM,59.586,48.3285,↘ 148°,488,562,"37,000",,FlightAware ADS-B (SCW / UUYY)
Thu 09:27:38 PM,59.5293,48.3989,↘ 148°,487,560,"37,000",,FlightAware ADS-B (SCW / UUYY)
Thu 09:28:09 PM,59.4721,48.4699,↘ 148°,488,562,"37,000",,FlightAware ADS-B (SCW / UUYY)
Thu 09:28:39 PM,59.4131,48.5425,↘ 148°,488,562,"37,000",,FlightAware ADS-B (VUS / ULWU)
Thu 09:29:09 PM,59.3562,48.6125,↘ 148°,489,563,"37,000",,FlightAware ADS-B (VUS / ULWU)
Thu 09:29:39 PM,59.2982,48.6834,↘ 148°,488,562,"37,000",,FlightAware ADS-B (VUS / ULWU)
Thu 09:30:09 PM,59.2407,48.7533,↘ 149°,488,562,"37,000",,FlightAware ADS-B (VUS / ULWU)
Thu 09:30:49 PM,59.1629,48.8374,↘ 154°,491,565,"37,000",,FlightAware ADS-B (KVX / USKK)
Thu 09:31:23 PM,59.0941,48.9029,↘ 154°,492,566,"37,000",,FlightAware ADS-B (KVX / USKK)
Thu 09:31:53 PM,59.0334,48.9607,↘ 154°,491,565,"37,000",,FlightAware ADS-B (VUS / ULWU)
Thu 09:32:23 PM,58.9724,49.0184,↘ 154°,490,564,"37,000",,FlightAware ADS-B (VUS / ULWU)
Thu 09:32:53 PM,58.9111,49.0765,↘ 154°,489,563,"37,000",,FlightAware ADS-B (KVX / USKK)
Thu 09:33:23 PM,58.8512,49.1328,↘ 154°,488,562,"37,000",,FlightAware ADS-B (KVX / USKK)
Thu 09:33:53 PM,58.7891,49.19,↘ 155°,488,562,"37,000",,FlightAware ADS-B (KVX / USKK)
Thu 09:34:23 PM,58.7281,49.246,↘ 155°,488,562,"37,000",,FlightAware ADS-B (VUS / ULWU)
Thu 09:34:53 PM,58.6668,49.3016,↘ 155°,490,564,"37,000",,FlightAware ADS-B (VUS / ULWU)
Thu 09:35:23 PM,58.6063,49.3559,↘ 155°,491,565,"37,000",,FlightAware ADS-B (VUS / ULWU)
Thu 09:35:53 PM,58.5434,49.4122,↘ 155°,490,564,"37,000",,FlightAware ADS-B (VUS / ULWU)
Thu 09:36:23 PM,58.4827,49.4663,↘ 155°,490,564,"37,000",,FlightAware ADS-B (KZN / UWKD)
Thu 09:36:53 PM,58.4212,49.5209,↘ 155°,490,564,"37,000",,FlightAware ADS-B (KZN / UWKD)
Thu 09:37:23 PM,58.3595,49.5757,↘ 155°,490,564,"37,000",,FlightAware ADS-B (KZN / UWKD)
Thu 09:37:53 PM,58.2975,49.6304,↘ 155°,490,564,"37,000",,FlightAware ADS-B (KZN / UWKD)
Thu 09:38:24 PM,58.236,49.6845,↘ 155°,488,562,"37,000",,FlightAware ADS-B (KVX / USKK)
Thu 09:38:54 PM,58.1747,49.738,↘ 155°,489,563,"37,000",,FlightAware ADS-B (KZN / UWKD)
Thu 09:39:24 PM,58.1131,49.7918,↘ 155°,489,563,"37,000",,FlightAware ADS-B (KZN / UWKD)
Thu 09:39:54 PM,58.0512,49.8457,↘ 155°,488,562,"37,000",,FlightAware ADS-B (KVX / USKK)
Thu 09:40:24 PM,57.9903,49.8987,↘ 155°,488,562,"37,000",,FlightAware ADS-B (KZN / UWKD)
Thu 09:40:54 PM,57.9287,49.9519,↘ 155°,489,563,"37,000",,FlightAware ADS-B (KZN / UWKD)
Thu 09:41:19 PM,57.8755,50.0002,↘ 151°,488,562,"37,000",,FlightAware ADS-B (GOJ / UWGG)
Thu 09:41:50 PM,57.8185,50.0704,↘ 142°,488,562,"37,000",,FlightAware ADS-B (GOJ / UWGG)
Thu 09:42:40 PM,57.7319,50.2034,↘ 141°,487,560,"37,000",,FlightAware ADS-B (KZN / UWKD)
Thu 09:43:11 PM,57.6763,50.2887,↘ 141°,488,562,"37,000",,FlightAware ADS-B (UFA / UWUU)
Thu 09:43:41 PM,57.6262,50.3653,↘ 141°,486,559,"37,000",,FlightAware ADS-B (KVX / USKK)
Thu 09:44:11 PM,57.5749,50.443,↘ 141°,485,558,"37,000",,FlightAware ADS-B (KZN / UWKD)
Thu 09:44:41 PM,57.5234,50.5209,↘ 141°,484,557,"37,000",,FlightAware ADS-B (KZN / UWKD)
Thu 09:45:11 PM,57.471,50.6,↘ 141°,484,557,"37,000",,FlightAware ADS-B (KZN / UWKD)
Thu 09:45:41 PM,57.4207,50.6756,↘ 141°,485,558,"37,000",,FlightAware ADS-B (KVX / USKK)
Thu 09:46:16 PM,57.3569,50.771,↘ 141°,486,559,"37,000",,FlightAware ADS-B (UFA / UWUU)
Thu 09:46:46 PM,57.3042,50.8495,↘ 141°,487,560,"37,000",,FlightAware ADS-B (UFA / UWUU)
Thu 09:47:16 PM,57.251,50.9286,↘ 141°,487,560,"37,000",,FlightAware ADS-B (UFA / UWUU)
Thu 09:47:46 PM,57.1997,51.0045,↘ 141°,487,560,"37,000",,FlightAware ADS-B (UFA / UWUU)
Thu 09:48:16 PM,57.1457,51.0841,↘ 141°,487,560,"37,000",,FlightAware ADS-B (UFA / UWUU)
Thu 09:48:46 PM,57.0925,51.1622,↘ 141°,486,559,"37,000",,FlightAware ADS-B (UFA / UWUU)
Thu 09:49:17 PM,57.0409,51.2377,↘ 142°,487,560,"37,000",,FlightAware ADS-B (IJK / USII)
Thu 09:49:47 PM,56.9879,51.3149,↘ 142°,488,562,"37,000",,FlightAware ADS-B (IJK / USII)
Thu 09:50:17 PM,56.9359,51.3906,↘ 142°,488,562,"37,000",,FlightAware ADS-B (IJK / USII)
Thu 09:50:47 PM,56.8821,51.4683,↘ 142°,490,564,"37,000",,FlightAware ADS-B (IJK / USII)
Thu 09:51:17 PM,56.8279,51.5462,↘ 142°,490,564,"37,000",,FlightAware ADS-B (IJK / USII)
Thu 09:51:47 PM,56.7751,51.6222,↘ 142°,489,563,"37,000",,FlightAware ADS-B (IJK / USII)
Thu 09:52:17 PM,56.7232,51.6966,↘ 142°,490,564,"37,000",,FlightAware ADS-B (NBC / UWKE)
Thu 09:52:47 PM,56.6683,51.775,↘ 142°,489,563,"37,000",,FlightAware ADS-B (IJK / USII)
Thu 09:53:18 PM,56.6148,51.8511,↘ 142°,489,563,"37,000",,FlightAware ADS-B (IJK / USII)
Thu 09:53:48 PM,56.5598,51.929,↘ 142°,486,559,"37,000",,FlightAware ADS-B (UFA / UWUU)
Thu 09:54:18 PM,56.5075,52.0027,↘ 142°,485,558,"37,000",,FlightAware ADS-B (NBC / UWKE)
Thu 09:54:48 PM,56.4552,52.0763,↘ 142°,481,554,"37,000",,FlightAware ADS-B (IJK / USII)
Thu 09:55:18 PM,56.403,52.1493,↘ 142°,481,554,"37,000",,FlightAware ADS-B (IJK / USII)
Thu 09:55:48 PM,56.3504,52.223,↘ 142°,481,554,"37,000",,FlightAware ADS-B (IJK / USII)
Thu 09:56:18 PM,56.2971,52.2972,↘ 142°,480,552,"37,000",,FlightAware ADS-B (NBC / UWKE)
Thu 09:56:48 PM,56.2446,52.37,↘ 142°,480,552,"37,000",,FlightAware ADS-B (IJK / USII)
Thu 09:57:19 PM,56.1886,52.4473,↘ 143°,481,554,"37,000",,FlightAware ADS-B (UFA / UWUU)
Thu 09:57:49 PM,56.136,52.5194,↘ 144°,480,552,"37,000",,FlightAware ADS-B (UFA / UWUU)
Thu 09:58:19 PM,56.0808,52.5844,↘ 149°,480,552,"37,000",,FlightAware ADS-B (UFA / UWUU)
Thu 09:58:49 PM,56.0251,52.6419,↘ 151°,479,551,"37,000",,FlightAware ADS-B (UFA / UWUU)
Thu 09:59:20 PM,55.9642,52.7018,↘ 151°,480,552,"37,000",,FlightAware ADS-B (IJK / USII)
Thu 09:59:51 PM,55.9034,52.7608,↘ 152°,482,555,"37,000",,FlightAware ADS-B (UFA / UWUU)
Thu 10:00:21 PM,55.8443,52.8178,↘ 152°,483,556,"37,000",,FlightAware ADS-B (UFA / UWUU)
Thu 10:00:51 PM,55.7847,52.8751,↘ 152°,483,556,"37,000",,FlightAware ADS-B (UFA / UWUU)
Thu 10:01:21 PM,55.7253,52.9319,↘ 152°,483,556,"37,000",,FlightAware ADS-B (UFA / UWUU)
Thu 10:01:51 PM,55.6667,52.9878,↘ 152°,484,557,"37,000",,FlightAware ADS-B (UFA / UWUU)
Thu 10:02:33 PM,55.5881,53.0624,↘ 152°,486,559,"37,000",,FlightAware ADS-B (GOJ / UWGG)
Thu 10:03:07 PM,55.5189,53.1277,↘ 152°,484,557,"37,000",,FlightAware ADS-B (KUF / UWWW)
Thu 10:03:39 PM,55.4547,53.188,↘ 152°,484,557,"37,000",,FlightAware ADS-B (UFA / UWUU)
Thu 10:04:09 PM,55.3992,53.2401,↘ 152°,484,557,"37,000",,FlightAware ADS-B (ULV / UWLL)
Thu 10:04:39 PM,55.3367,53.2985,↘ 152°,485,558,"37,000",,FlightAware ADS-B (KUF / UWWW)
Thu 10:05:09 PM,55.2775,53.3535,↘ 152°,486,559,"37,000",,FlightAware ADS-B (KUF / UWWW)
Thu 10:05:39 PM,55.2175,53.4091,↘ 152°,486,559,"37,000",,FlightAware ADS-B (KUF / UWWW)
Thu 10:06:09 PM,55.1574,53.4648,↘ 152°,486,559,"37,000",,FlightAware ADS-B (KUF / UWWW)
Thu 10:06:40 PM,55.0984,53.5191,↘ 152°,485,558,"37,000",,FlightAware ADS-B (NBC / UWKE)
Thu 10:07:10 PM,55.037,53.5756,↘ 152°,485,558,"37,000",,FlightAware ADS-B (UFA / UWUU)
Thu 10:07:40 PM,54.9789,53.6288,↘ 152°,484,557,"37,000",,FlightAware ADS-B (KUF / UWWW)
Thu 10:08:10 PM,54.9216,53.6811,↘ 152°,484,557,"37,000",,FlightAware ADS-B (IJK / USII)
Thu 10:08:40 PM,54.8605,53.7365,↘ 152°,483,556,"37,000",,FlightAware ADS-B (NBC / UWKE)
Thu 10:09:26 PM,54.7693,53.8194,↘ 152°,484,557,"37,000",,FlightAware ADS-B (KUF / UWWW)
Thu 10:09:57 PM,54.7083,53.8745,↘ 153°,484,557,"37,000",,FlightAware ADS-B (NBC / UWKE)
Thu 10:10:27 PM,54.6491,53.9273,↘ 153°,483,556,"37,000",,FlightAware ADS-B (OKT / UWUK)
Thu 10:10:57 PM,54.5901,53.9802,↘ 153°,485,558,"37,000",,FlightAware ADS-B (OKT / UWUK)
Thu 10:11:27 PM,54.5305,54.0335,↘ 153°,485,558,"37,000",,FlightAware ADS-B (OKT / UWUK)
Thu 10:11:57 PM,54.4701,54.0871,↘ 153°,484,557,"37,000",,FlightAware ADS-B (OKT / UWUK)
Thu 10:12:27 PM,54.4106,54.1399,↘ 153°,482,555,"37,000",,FlightAware ADS-B (KUF / UWWW)
Thu 10:12:58 PM,54.3518,54.1919,↘ 153°,482,555,"37,000",,FlightAware ADS-B (OKT / UWUK)
Thu 10:13:28 PM,54.2926,54.2442,↘ 153°,481,554,"37,000",,FlightAware ADS-B (OKT / UWUK)
Thu 10:13:58 PM,54.2328,54.2966,↘ 153°,481,554,"37,000",,FlightAware ADS-B (OKT / UWUK)
Thu 10:14:29 PM,54.1698,54.3516,↘ 153°,481,554,"37,000",,FlightAware ADS-B (OKT / UWUK)
Thu 10:15:00 PM,54.1089,54.4048,↘ 153°,479,551,"37,000",,FlightAware ADS-B (UFA / UWUU)
Thu 10:15:30 PM,54.0494,54.4566,↘ 153°,480,552,"37,000",,FlightAware ADS-B (UFA / UWUU)
Thu 10:16:00 PM,53.9919,54.5064,↘ 153°,479,551,"37,000",,FlightAware ADS-B (OKT / UWUK)
Thu 10:16:30 PM,53.9324,54.5578,↘ 153°,479,551,"37,000",,FlightAware ADS-B (OKT / UWUK)
Thu 10:17:00 PM,53.8733,54.6087,↘ 153°,480,552,"37,000",,FlightAware ADS-B (OKT / UWUK)
Thu 10:17:34 PM,53.8053,54.667,↘ 153°,480,552,"37,000",,FlightAware ADS-B (REN / UWOO)
Thu 10:18:04 PM,53.746,54.7178,↘ 153°,479,551,"37,000",,FlightAware ADS-B (REN / UWOO)
Thu 10:18:34 PM,53.6865,54.7684,↘ 153°,479,551,"37,000",,FlightAware ADS-B (REN / UWOO)
Thu 10:19:04 PM,53.6266,54.8193,↘ 153°,481,554,"37,000",,FlightAware ADS-B (REN / UWOO)
Thu 10:19:34 PM,53.5671,54.8697,↘ 153°,481,554,"37,000",,FlightAware ADS-B (REN / UWOO)
Thu 10:20:04 PM,53.5081,54.9195,↘ 153°,480,552,"37,000",,FlightAware ADS-B (REN / UWOO)
Thu 10:20:34 PM,53.4488,54.9695,↘ 153°,480,552,"37,000",,FlightAware ADS-B (REN / UWOO)
Thu 10:21:04 PM,53.3886,55.02,↘ 153°,480,552,"37,000",,FlightAware ADS-B (REN / UWOO)
Thu 10:21:34 PM,53.3288,55.0701,↘ 153°,480,552,"37,000",,FlightAware ADS-B (REN / UWOO)
Thu 10:22:04 PM,53.269,55.1198,↘ 154°,479,551,"37,000",,FlightAware ADS-B (REN / UWOO)
Thu 10:22:34 PM,53.2095,55.1693,↘ 154°,480,552,"37,000",,FlightAware ADS-B (REN / UWOO)
Thu 10:23:05 PM,53.1497,55.2188,↘ 154°,481,554,"37,000",,FlightAware ADS-B (REN / UWOO)
Thu 10:23:43 PM,53.0741,55.2813,↘ 154°,481,554,"37,000",,FlightAware ADS-B (UFA / UWUU)
Thu 10:24:16 PM,53.0073,55.3362,↘ 154°,482,555,"37,000",,FlightAware ADS-B (UFA / UWUU)
Thu 10:24:46 PM,52.9476,55.3852,↘ 154°,482,555,"37,000",,FlightAware ADS-B (UFA / UWUU)
Thu 10:25:17 PM,52.8859,55.4355,↘ 154°,482,555,"37,000",,FlightAware ADS-B (UFA / UWUU)
Thu 10:25:47 PM,52.8275,55.4831,↘ 154°,482,555,"37,000",,FlightAware ADS-B (UFA / UWUU)
Thu 10:26:18 PM,52.7651,55.5339,↘ 154°,483,556,"37,000",,FlightAware ADS-B (UFA / UWUU)
Thu 10:26:48 PM,52.7051,55.5824,↘ 154°,484,557,"37,000",,FlightAware ADS-B (UFA / UWUU)
Thu 10:27:18 PM,52.6447,55.6312,↘ 154°,484,557,"37,000",,FlightAware ADS-B (UFA / UWUU)
Thu 10:27:48 PM,52.5844,55.6797,↘ 154°,485,558,"37,000",,FlightAware ADS-B (UFA / UWUU)
Thu 10:28:18 PM,52.5256,55.7269,↘ 154°,486,559,"37,000",,FlightAware ADS-B (OKT / UWUK)
Thu 10:28:48 PM,52.4628,55.7771,↘ 154°,487,560,"37,000",,FlightAware ADS-B (UFA / UWUU)
Thu 10:29:18 PM,52.402,55.8255,↘ 154°,488,562,"37,000",,FlightAware ADS-B (UFA / UWUU)
Thu 10:29:48 PM,52.3428,55.8726,↘ 154°,488,562,"37,000",,FlightAware ADS-B (UFA / UWUU)
Thu 10:30:36 PM,52.245,55.95,↘ 154°,490,564,"37,000",,FlightAware ADS-B (REN / UWOO)
Thu 10:31:06 PM,52.1837,55.9983,↘ 154°,491,565,"37,000",,FlightAware ADS-B (REN / UWOO)
Thu 10:31:36 PM,52.1217,56.047,↘ 154°,492,566,"37,000",,FlightAware ADS-B (REN / UWOO)
Thu 10:32:06 PM,52.0603,56.0952,↘ 154°,492,566,"37,000",,FlightAware ADS-B (REN / UWOO)
Thu 10:32:36 PM,51.9992,56.1429,↘ 154°,493,567,"37,000",,FlightAware ADS-B (REN / UWOO)
Thu 10:33:06 PM,51.9368,56.1915,↘ 154°,493,567,"37,000",,FlightAware ADS-B (REN / UWOO)
Thu 10:33:37 PM,51.8752,56.2393,↘ 154°,493,567,"37,000",,FlightAware ADS-B (REN / UWOO)
Thu 10:34:07 PM,51.8136,56.287,↘ 154°,493,567,"37,000",,FlightAware ADS-B (REN / UWOO)
Thu 10:34:37 PM,51.7522,56.3343,↘ 154°,493,567,"37,000",,FlightAware ADS-B (REN / UWOO)
Thu 10:35:07 PM,51.6901,56.3821,↘ 155°,493,567,"37,000",,FlightAware ADS-B (REN / UWOO)
Thu 10:35:37 PM,51.6298,56.4283,↘ 155°,492,566,"37,000",,FlightAware ADS-B (REN / UWOO)
Thu 10:36:07 PM,51.5667,56.4764,↘ 155°,493,567,"37,000",,FlightAware ADS-B (REN / UWOO)
Thu 10:36:37 PM,51.5044,56.5239,↘ 155°,493,567,"37,000",,FlightAware ADS-B (REN / UWOO)
Thu 10:37:07 PM,51.4443,56.5697,↘ 155°,492,566,"37,000",,FlightAware ADS-B (REN / UWOO)
Thu 10:37:37 PM,51.3817,56.6173,↘ 155°,492,566,"37,000",,FlightAware ADS-B (REN / UWOO)
Thu 10:38:07 PM,51.3197,56.6641,↘ 155°,492,566,"37,000",,FlightAware ADS-B (REN / UWOO)
Thu 10:38:37 PM,51.2593,56.7096,↘ 155°,492,566,"37,000",,FlightAware ADS-B (REN / UWOO)
Thu 10:39:08 PM,51.1961,56.7571,↘ 155°,493,567,"37,000",,FlightAware ADS-B (REN / UWOO)
Thu 10:39:38 PM,51.1336,56.8037,↘ 155°,493,567,"37,000",,FlightAware ADS-B (REN / UWOO)
Thu 10:40:02 PM,51.0844,56.837,↓ 159°,490,564,"37,000",,FlightAware ADS-B (REN / UWOO)
Thu 10:40:41 PM,50.9995,56.8779,↓ 165°,488,562,"37,000",,FlightAware ADS-B (OSW / UWOR)
Thu 10:41:11 PM,50.9334,56.9057,↓ 165°,489,563,"37,000",,FlightAware ADS-B (OSW / UWOR)
Thu 10:42:04 PM,50.8169,56.9543,↓ 165°,491,565,"37,000",,FlightAware ADS-B (REN / UWOO)
Thu 10:42:34 PM,50.7511,56.9817,↓ 165°,491,565,"37,000",,FlightAware ADS-B (OSW / UWOR)
Thu 10:43:04 PM,50.6857,57.0089,↓ 165°,491,565,"37,000",196,FlightAware ADS-B (REN / UWOO)
Thu 10:43:43 PM,50.6007,57.044,↓ 165°,492,566,"37,225",761,FlightAware ADS-B (OSW / UWOR)
Thu 10:44:13 PM,50.5349,57.071,↓ 165°,493,567,"37,875","1,300",FlightAware ADS-B (OSW / UWOR)
Thu 10:44:43 PM,50.4691,57.0979,↓ 165°,492,566,"38,525","1,125",FlightAware ADS-B (OSW / UWOR)
Thu 10:45:13 PM,50.402,57.1255,↓ 165°,491,565,"39,000",475,FlightAware ADS-B (OSW / UWOR)
Thu 10:45:43 PM,50.3366,57.1522,↓ 166°,490,564,"39,000",,FlightAware ADS-B (OSW / UWOR)
Thu 10:46:05 PM,50.29,57.1738,↓ 159°,493,567,"39,000",,FlightAware ADS-B (REN / UWOO)
Thu 10:46:25 PM,50.2472,57.2066,↘ 149°,499,574,"39,000",,FlightAware ADS-B (OSW / UWOR)
Thu 10:46:56 PM,50.191,57.2719,↘ 142°,504,580,"39,000",,FlightAware ADS-B (OSW / UWOR)
Thu 10:47:26 PM,50.1362,57.34,↘ 141°,505,581,"39,000",,FlightAware ADS-B (OSW / UWOR)
Thu 10:47:57 PM,50.0818,57.4079,↘ 141°,507,583,"39,000",,FlightAware ADS-B (OSW / UWOR)
Thu 10:48:27 PM,50.0268,57.4762,↘ 141°,508,585,"39,000",,FlightAware ADS-B (OSW / UWOR)
Thu 10:48:57 PM,49.9713,57.5449,↘ 142°,509,586,"39,000",,FlightAware ADS-B (OSW / UWOR)
Thu 10:49:27 PM,49.9151,57.614,↘ 142°,511,588,"39,000",,FlightAware ADS-B (OSW / UWOR)
Thu 10:49:57 PM,49.8596,57.6818,↘ 142°,512,589,"39,000",,FlightAware ADS-B (OSW / UWOR)
Thu 10:50:28 PM,49.8039,57.7498,↘ 142°,513,590,"39,000",,FlightAware ADS-B (OSW / UWOR)
Thu 10:50:58 PM,49.7476,57.8183,↘ 142°,514,592,"39,000",,FlightAware ADS-B (OSW / UWOR)
Thu 10:51:28 PM,49.6915,57.8863,↘ 142°,514,592,"39,000",,FlightAware ADS-B (OSW / UWOR)
Thu 10:51:58 PM,49.6354,57.9541,↘ 142°,514,592,"39,000",,FlightAware ADS-B (OSW / UWOR)
Thu 10:52:28 PM,49.5785,58.0226,↘ 142°,513,590,"39,000",,FlightAware ADS-B (OSW / UWOR)
Thu 10:53:27 PM,49.4668,58.1564,↘ 142°,510,587,"39,000",,FlightAware ADS-B (OSW / UWOR)
Thu 10:53:58 PM,49.4106,58.2234,↘ 142°,510,587,"39,000",,FlightAware ADS-B (OSW / UWOR)
Thu 10:54:28 PM,49.3543,58.2906,↘ 142°,509,586,"39,000",,FlightAware ADS-B (OSW / UWOR)
Thu 10:54:58 PM,49.2982,58.3571,↘ 142°,509,586,"39,000",,FlightAware ADS-B (OSW / UWOR)
Thu 10:55:28 PM,49.243,58.4224,↘ 142°,509,586,"39,000",,FlightAware ADS-B (OSW / UWOR)
Thu 10:55:58 PM,49.1863,58.4893,↘ 142°,511,588,"39,000",,FlightAware ADS-B (OSW / UWOR)
Thu 10:56:28 PM,49.1299,58.5556,↘ 142°,511,588,"39,000",,FlightAware ADS-B (OSW / UWOR)
Thu 10:56:58 PM,49.0732,58.6221,↘ 143°,512,589,"39,000",,FlightAware ADS-B (OSW / UWOR)
Thu 10:57:28 PM,49.017,58.688,↘ 143°,512,589,"39,000",,FlightAware ADS-B (OSW / UWOR)
Thu 10:58:23 PM,48.9152,58.8062,↘ 143°,513,590,"39,000",,FlightAware ADS-B (OSW / UWOR)
Thu 10:58:53 PM,48.858,58.8726,↘ 143°,514,592,"39,000",,FlightAware ADS-B (OSW / UWOR)
Thu 10:59:23 PM,48.8021,58.9374,↘ 143°,514,592,"39,000",,FlightAware ADS-B (OSW / UWOR)
Thu 10:59:53 PM,48.7441,59.0043,↘ 143°,515,593,"39,000",,FlightAware ADS-B (OSW / UWOR)
Thu 11:00:23 PM,48.6874,59.0694,↘ 143°,515,593,"39,000",,FlightAware ADS-B (OSW / UWOR)
Thu 11:00:53 PM,48.6302,59.1349,↘ 143°,514,592,"39,000",,FlightAware ADS-B (OSW / UWOR)
Thu 11:01:24 PM,48.574,59.1991,↘ 143°,512,589,"39,000",,FlightAware ADS-B (OSW / UWOR)
Thu 11:01:54 PM,48.5166,59.2644,↘ 143°,511,588,"39,000",,FlightAware ADS-B (OSW / UWOR)
Thu 11:02:24 PM,48.4605,59.3283,↘ 143°,512,589,"39,000",,FlightAware ADS-B (OSW / UWOR)
Thu 11:02:54 PM,48.4029,59.3935,↘ 143°,514,592,"39,000",,FlightAware ADS-B (OSW / UWOR)
Thu 11:03:24 PM,48.3462,59.4574,↘ 143°,514,592,"39,000",,FlightAware ADS-B (OSW / UWOR)
Thu 11:03:54 PM,48.289,59.5219,↘ 143°,513,590,"39,000",,FlightAware ADS-B (OSW / UWOR)
Thu 11:04:24 PM,48.2313,59.5866,↘ 143°,513,590,"39,000",,FlightAware ADS-B (OSW / UWOR)
Thu 11:04:55 PM,48.1749,59.6498,↘ 143°,514,592,"39,000",,FlightAware ADS-B (OSW / UWOR)
Thu 11:05:25 PM,48.1178,59.7136,↘ 143°,515,593,"39,000",,FlightAware ADS-B (OSW / UWOR)
Thu 11:06:25 PM,48.0025,59.8418,↘ 143°,517,595,"39,000",,FlightAware ADS-B (OSW / UWOR)
Thu 11:06:55 PM,47.9445,59.906,↘ 143°,518,596,"39,000",,FlightAware ADS-B (OSW / UWOR)
Thu 11:07:25 PM,47.8861,59.9704,↘ 144°,519,597,"39,000",,FlightAware ADS-B (OSW / UWOR)
Thu 11:07:56 PM,47.8278,60.0346,↘ 144°,519,597,"39,000",,FlightAware ADS-B (OSW / UWOR)
Thu 11:08:26 PM,47.7696,60.0984,↘ 144°,520,598,"39,000",,FlightAware ADS-B (OSW / UWOR)
Thu 11:10:42 PM,47.5303,60.3807,↘ 141°,,,,,Estimated
Thu 11:11:52 PM,47.4068,60.5249,↘ 142°,,,,,Estimated
Thu 11:13:54 PM,47.1912,60.7747,↘ 142°,,,,,Estimated
Thu 11:15:52 PM,46.9822,61.0144,↘ 142°,,,,,Estimated
Thu 11:17:52 PM,46.7691,61.2563,↘ 142°,,,,,Estimated
Thu 11:19:54 PM,46.552,61.5001,↘ 142°,,,,,Estimated
Thu 11:21:52 PM,46.3415,61.7342,↘ 142°,,,,,Estimated
Thu 11:23:53 PM,46.1251,61.9724,↘ 143°,,,,,Estimated
Thu 11:25:55 PM,45.9065,62.2106,↘ 143°,,,,,Estimated
Thu 11:27:44 PM,45.7107,62.4218,↘ 143°,,,,,Estimated
Thu 11:28:50 PM,45.592,62.549,↘ 143°,,,,,Estimated
Thu 11:29:51 PM,45.4821,62.6661,↘ 143°,,,,,Estimated
Thu 11:30:55 PM,45.3668,62.7885,↘ 143°,,,,,Estimated
Thu 11:32:53 PM,45.1537,63.0127,↘ 143°,,,,,Estimated
Thu 11:34:51 PM,44.9402,63.2354,↘ 144°,,,,,Estimated
Thu 11:36:49 PM,44.7262,63.4563,↘ 144°,,,,,Estimated
Thu 11:38:48 PM,44.51,63.6775,↘ 144°,,,,,Estimated
Thu 11:39:53 PM,44.3918,63.7976,↘ 144°,,,,,Estimated
Thu 11:41:49 PM,44.1804,64.0108,↘ 144°,,,,,Estimated
Thu 11:43:51 PM,43.9577,64.2333,↘ 144°,,,,,Estimated
Thu 11:45:52 PM,43.7364,64.4524,↘ 144°,,,,,Estimated
Thu 11:46:52 PM,43.6265,64.5605,↘ 145°,,,,,Estimated
Thu 11:47:54 PM,43.5128,64.6717,↘ 145°,,,,,Estimated
Thu 11:49:53 PM,43.2943,64.884,↘ 145°,,,,,Estimated
Thu 11:51:54 PM,43.5913,67.1051,↘ 126°,561,646,"39,000",,FlightAware ADS-B (TAS / UTTT)
Thu 11:51:55 PM,43.0699,65.1001,↘ 145°,,,,,Estimated
Thu 11:52:25 PM,43.5453,67.1936,↘ 126°,562,647,"39,000",,FlightAware ADS-B (TAS / UTTT)
Thu 11:52:55 PM,43.5011,67.2784,↘ 126°,562,647,"39,000",,FlightAware ADS-B (TAS / UTTT)
Thu 11:53:27 PM,43.4535,67.3694,↘ 126°,561,646,"39,000",,FlightAware ADS-B (DYU / UTDD)
Thu 11:54:09 PM,43.3871,67.4959,↘ 126°,558,642,"39,000",,FlightAware ADS-B (TAS / UTTT)
Thu 11:54:40 PM,43.3406,67.5842,↘ 126°,557,641,"39,000",,FlightAware ADS-B (TAS / UTTT)
Thu 11:55:10 PM,43.2949,67.6705,↘ 126°,557,641,"39,000",,FlightAware ADS-B (TAS / UTTT)
Thu 11:55:40 PM,43.2496,67.7559,↘ 126°,558,642,"39,000",,FlightAware ADS-B (TAS / UTTT)
Thu 11:56:11 PM,43.2035,67.8426,↘ 126°,559,643,"39,000",,FlightAware ADS-B (TAS / UTTT)
Thu 11:56:41 PM,43.1586,67.927,↘ 126°,558,642,"39,000",,FlightAware ADS-B (DYU / UTDD)
Thu 11:57:11 PM,43.1127,68.0127,↘ 126°,558,642,"39,000",,FlightAware ADS-B (DYU / UTDD)
Thu 11:57:41 PM,43.0663,68.0991,↘ 126°,558,642,"39,000",,FlightAware ADS-B (TAS / UTTT)
Thu 11:58:11 PM,43.0201,68.1851,↘ 126°,559,643,"39,000",,FlightAware ADS-B (TAS / UTTT)
Thu 11:58:41 PM,42.9748,68.2691,↘ 126°,559,643,"39,000",,FlightAware ADS-B (TAS / UTTT)
Thu 11:59:11 PM,42.9283,68.355,↘ 126°,561,646,"39,000",,FlightAware ADS-B (TAS / UTTT)
Thu 11:59:41 PM,42.8817,68.4408,↘ 127°,560,644,"39,000",,FlightAware ADS-B (TAS / UTTT)
Fri 12:00:12 AM,42.836,68.5249,↘ 127°,560,644,"39,000",,FlightAware ADS-B (DYU / UTDD)
Fri 12:00:45 AM,42.7837,68.6207,↘ 127°,560,644,"39,000",,FlightAware ADS-B (TAS / UTTT)
Fri 12:01:15 AM,42.7385,68.7032,↘ 127°,560,644,"39,000",,FlightAware ADS-B (TAS / UTTT)
Fri 12:01:45 AM,42.6912,68.7895,↘ 127°,559,643,"39,000",,FlightAware ADS-B (TAS / UTTT)
Fri 12:02:15 AM,42.6446,68.8739,↘ 127°,559,643,"39,000",,FlightAware ADS-B (TAS / UTTT)
Fri 12:02:45 AM,42.5979,68.9586,↘ 127°,558,642,"39,000",,FlightAware ADS-B (TAS / UTTT)
Fri 12:03:16 AM,42.5514,69.0426,↘ 127°,558,642,"39,000",,FlightAware ADS-B (TAS / UTTT)
Fri 12:03:46 AM,42.5044,69.1272,↘ 127°,558,642,"39,000",,FlightAware ADS-B (TAS / UTTT)
Fri 12:04:16 AM,42.4584,69.2098,↘ 127°,558,642,"39,000",,FlightAware ADS-B (TAS / UTTT)
Fri 12:04:46 AM,42.4108,69.2951,↘ 127°,560,644,"39,000",,FlightAware ADS-B (TAS / UTTT)
Fri 12:05:16 AM,42.3638,69.3791,↘ 127°,559,643,"39,000",,FlightAware ADS-B (TAS / UTTT)
Fri 12:05:46 AM,42.3172,69.462,↘ 127°,557,641,"39,000",,FlightAware ADS-B (TAS / UTTT)
Fri 12:06:16 AM,42.2707,69.5446,↘ 127°,557,641,"39,000",,FlightAware ADS-B (TAS / UTTT)
Fri 12:06:46 AM,42.2238,69.6278,↘ 127°,558,642,"39,000",,FlightAware ADS-B (TAS / UTTT)
Fri 12:07:17 AM,42.1761,69.7118,↘ 127°,559,643,"39,000",,FlightAware ADS-B (TAS / UTTT)
Fri 12:07:47 AM,42.1288,69.7952,↘ 127°,559,643,"39,000",,FlightAware ADS-B (TAS / UTTT)
Fri 12:08:17 AM,42.0818,69.8776,↘ 127°,558,642,"39,000",,FlightAware ADS-B (TAS / UTTT)
Fri 12:08:47 AM,42.0346,69.9604,↘ 128°,556,640,"39,000",,FlightAware ADS-B (TAS / UTTT)
Fri 12:09:17 AM,41.9876,70.0425,↘ 128°,555,639,"39,000",,FlightAware ADS-B (TAS / UTTT)
Fri 12:09:47 AM,41.9402,70.1249,↘ 128°,555,639,"39,000",,FlightAware ADS-B (TAS / UTTT)
Fri 12:10:07 AM,41.9061,70.1747,↘ 137°,547,629,"39,000",,FlightAware ADS-B (TAS / UTTT)
Fri 12:10:24 AM,41.8725,70.2114,↘ 144°,540,621,"39,000",,FlightAware ADS-B (TAS / UTTT)
Fri 12:10:54 AM,41.8082,70.2609,↘ 153°,532,612,"39,000",,FlightAware ADS-B (TAS / UTTT)
Fri 12:11:25 AM,41.7432,70.3056,↘ 153°,532,612,"39,000",,FlightAware ADS-B (TAS / UTTT)
Fri 12:11:55 AM,41.6767,70.3506,↘ 153°,532,612,"39,000",,FlightAware ADS-B (TAS / UTTT)
Fri 12:12:26 AM,41.6104,70.3952,↘ 153°,532,612,"39,000",,FlightAware ADS-B (TAS / UTTT)
Fri 12:12:56 AM,41.5436,70.4402,↘ 153°,532,612,"39,000",,FlightAware ADS-B (TAS / UTTT)
Fri 12:13:26 AM,41.4777,70.4844,↘ 153°,533,613,"39,000",,FlightAware ADS-B (TAS / UTTT)
Fri 12:13:56 AM,41.4118,70.5287,↘ 153°,532,612,"39,000",,FlightAware ADS-B (TAS / UTTT)
Fri 12:14:26 AM,41.3454,70.5732,↘ 153°,532,612,"39,000",,FlightAware ADS-B (TAS / UTTT)
Fri 12:14:56 AM,41.279,70.6175,↘ 153°,533,613,"39,000",,FlightAware ADS-B (TAS / UTTT)
Fri 12:15:26 AM,41.2126,70.6618,↘ 153°,534,615,"39,000",,FlightAware ADS-B (TAS / UTTT)
Fri 12:16:12 AM,41.1114,70.7245,↓ 157°,528,608,"39,000",,FlightAware ADS-B (TAS / UTTT)
Fri 12:16:53 AM,41.0194,70.7711,↓ 160°,525,604,"39,000",,FlightAware ADS-B (TAS / UTTT)
Fri 12:17:25 AM,40.9424,70.8091,↓ 160°,525,604,"39,000",,FlightAware ADS-B (TAS / UTTT)
Fri 12:17:55 AM,40.8743,70.8428,↓ 159°,526,605,"39,000",,FlightAware ADS-B (TAS / UTTT)
Fri 12:18:26 AM,40.8055,70.8768,↓ 159°,526,605,"39,000",,FlightAware ADS-B (TAS / UTTT)
Fri 12:18:56 AM,40.7374,70.9105,↓ 159°,526,605,"39,000",,FlightAware ADS-B (TAS / UTTT)
Fri 12:19:26 AM,40.6691,70.9441,↓ 160°,525,604,"39,000",,FlightAware ADS-B (TAS / UTTT)
Fri 12:19:56 AM,40.6021,70.977,↓ 160°,526,605,"39,000",,FlightAware ADS-B (TAS / UTTT)
Fri 12:20:26 AM,40.5347,71.01,↓ 160°,526,605,"39,000",,FlightAware ADS-B (SKD / UTSS)
Fri 12:21:04 AM,40.4475,71.0487,↓ 164°,521,600,"39,000",,FlightAware ADS-B (TAS / UTTT)
Fri 12:21:38 AM,40.3679,71.0757,↓ 166°,518,596,"39,000",,FlightAware ADS-B (SKD / UTSS)
Fri 12:22:14 AM,40.2835,71.1028,↓ 166°,518,596,"39,000",,FlightAware ADS-B (TAS / UTTT)
Fri 12:22:46 AM,40.2117,71.1257,↓ 166°,518,596,"39,000",,FlightAware ADS-B (TAS / UTTT)
Fri 12:23:16 AM,40.1408,71.1484,↓ 166°,518,596,"39,000",,FlightAware ADS-B (SKD / UTSS)
Fri 12:23:48 AM,40.0631,71.1733,↓ 166°,519,597,"39,000",,FlightAware ADS-B (TAS / UTTT)
Fri 12:24:20 AM,39.993,71.1956,↓ 166°,519,597,"39,000",,FlightAware ADS-B (TAS / UTTT)
Fri 12:25:00 AM,39.8978,71.2258,↓ 166°,519,597,"39,000",,FlightAware ADS-B (TAS / UTTT)
Fri 12:26:46 AM,39.6648,71.29,↓ 168°,,,,,Estimated
Fri 12:27:47 AM,39.5078,71.3484,↓ 166°,520,598,"39,000",,FlightAware ADS-B (TAS / UTTT)
Fri 12:28:47 AM,39.3668,71.3924,↓ 166°,521,600,"39,000",,FlightAware ADS-B (TAS / UTTT)
Fri 12:29:37 AM,39.2516,71.4282,↓ 166°,521,600,"39,000",-83,FlightAware ADS-B (TAS / UTTT)
Fri 12:31:44 AM,38.9721,71.5023,↓ 168°,,,,,Estimated
Fri 12:32:53 AM,38.8202,71.5423,↓ 168°,,,,,Estimated
Fri 12:33:55 AM,38.6837,71.5781,↓ 168°,,,,,Estimated
Fri 12:34:55 AM,38.5515,71.6126,↓ 168°,,,,,Estimated
Fri 12:36:54 AM,38.2895,71.6807,↓ 168°,,,,,Estimated
Fri 12:38:54 AM,38.0252,71.7489,↓ 169°,,,,,Estimated
Fri 12:40:33 AM,37.8071,71.8048,↓ 169°,,,,,Estimated
Fri 12:41:55 AM,37.6265,71.8508,↓ 169°,,,,,Estimated
Fri 12:43:55 AM,37.3621,71.9178,↓ 169°,,,,,Estimated
Fri 12:45:53 AM,37.102,71.9832,↓ 169°,,,,,Estimated
Fri 12:47:55 AM,36.8332,72.0503,↓ 169°,,,,,Estimated
Fri 12:49:40 AM,36.6017,72.1077,↓ 169°,,,,,Estimated
Fri 12:50:51 AM,36.4452,72.1464,↓ 169°,,,,,Estimated
Fri 12:51:55 AM,36.3041,72.181,↓ 169°,,,,,Estimated
Fri 12:53:55 AM,36.0395,72.2457,↓ 169°,,,,,Estimated
Fri 12:54:17 AM,35.8525,71.7909,↓ 176°,501,577,"36,875",,FlightAware ADS-B (PEW / OPPS)
Fri 12:54:54 AM,35.7696,71.783,↓ 181°,497,572,"35,900","-1,812",FlightAware ADS-B (PEW / OPPS)
Fri 12:55:34 AM,35.682,71.7698,↓ 187°,479,551,"34,550","-2,525",FlightAware ADS-B (PEW / OPPS)
Fri 12:56:13 AM,35.5945,71.756,↓ 187°,495,570,"32,575","-2,600",FlightAware ADS-B (PEW / OPPS)
Fri 12:56:49 AM,35.5101,71.7431,↓ 187°,503,579,"31,300","-2,188",FlightAware ADS-B (PEW / OPPS)
Fri 12:57:25 AM,35.4263,71.7304,↓ 187°,508,585,"29,950","-1,880",FlightAware ADS-B (PEW / OPPS)
Fri 12:58:00 AM,35.3454,71.7183,↓ 187°,510,587,"29,075",-803,FlightAware ADS-B (PEW / OPPS)
Fri 12:58:36 AM,35.2608,71.7057,↓ 187°,510,587,"29,000",-50,FlightAware ADS-B (PEW / OPPS)
Fri 12:59:30 AM,35.1333,71.6868,↓ 187°,512,589,"29,000",,FlightAware ADS-B (PEW / OPPS)
Fri 01:00:00 AM,35.0626,71.6763,↓ 187°,512,589,"29,000",,FlightAware ADS-B (PEW / OPPS)
Fri 01:01:00 AM,34.9212,71.6552,↓ 187°,513,590,"29,000",,FlightAware ADS-B (PEW / OPPS)
Fri 01:01:30 AM,34.8505,71.6446,↓ 187°,513,590,"29,000",,FlightAware ADS-B (PEW / OPPS)
Fri 01:02:00 AM,34.7791,71.634,↓ 187°,513,590,"29,000",,FlightAware ADS-B (PEW / OPPS)
Fri 01:02:30 AM,34.7097,71.6238,↓ 187°,514,592,"29,000",,FlightAware ADS-B (PEW / OPPS)
Fri 01:03:01 AM,34.6368,71.6132,↓ 187°,515,593,"29,000",,FlightAware ADS-B (PEW / OPPS)
Fri 01:03:31 AM,34.5655,71.6027,↓ 187°,515,593,"29,000",,FlightAware ADS-B (PEW / OPPS)
Fri 01:04:01 AM,34.4952,71.5923,↓ 187°,515,593,"29,000",,FlightAware ADS-B (PEW / OPPS)
Fri 01:04:39 AM,34.4061,71.5792,↓ 187°,513,590,"29,000",-265,FlightAware ADS-B (OPRN)
Fri 01:05:09 AM,34.3336,71.5686,↓ 187°,505,581,"28,700","-1,125",FlightAware ADS-B (PEW / OPPS)
Fri 01:05:39 AM,34.2661,71.5588,↓ 187°,489,563,"27,875","-1,790",FlightAware ADS-B (PEW / OPPS)
Fri 01:06:11 AM,34.195,71.5485,↓ 187°,475,547,"26,850","-2,129",FlightAware ADS-B (PEW / OPPS)
Fri 01:06:41 AM,34.1292,71.5389,↓ 187°,469,540,"25,675","-2,300",FlightAware ADS-B (PEW / OPPS)
Fri 01:07:11 AM,34.0643,71.5294,↓ 187°,460,529,"24,550","-2,143",FlightAware ADS-B (PEW / OPPS)
Fri 01:07:37 AM,34.0108,71.5244,↓ 178°,455,524,"23,675","-2,036",FlightAware ADS-B (PEW / OPPS)
Fri 01:08:07 AM,33.9493,71.5418,↓ 156°,451,519,"22,650","-2,275",FlightAware ADS-B (PEW / OPPS)
Fri 01:08:37 AM,33.8951,71.5805,↘ 147°,449,517,"21,400","-2,375",FlightAware ADS-B (PEW / OPPS)
Fri 01:09:07 AM,33.8435,71.6207,↘ 147°,440,506,"20,275","-2,066",FlightAware ADS-B (PEW / OPPS)
Fri 01:09:38 AM,33.7926,71.6603,↘ 147°,430,495,"19,300","-1,929",FlightAware ADS-B (PEW / OPPS)
Fri 01:10:17 AM,33.7271,71.7114,↘ 147°,419,482,"18,025","-2,087",FlightAware ADS-B (PEW / OPPS)
Fri 01:10:47 AM,33.6778,71.7494,↘ 147°,416,479,"16,900","-1,402",FlightAware ADS-B (PEW / OPPS)
Fri 01:11:18 AM,33.63,71.786,↘ 147°,388,447,"16,600",-659,FlightAware ADS-B (PEW / OPPS)
Fri 01:11:53 AM,33.5776,71.8262,↘ 147°,369,425,"16,175",-864,FlightAware ADS-B (SGI / OPSR)
Fri 01:12:17 AM,33.5517,71.8593,↘ 121°,352,405,"15,750","-1,364",FlightAware ADS-B (PEW / OPPS)
Fri 01:12:37 AM,33.5416,71.8953,→ 97°,351,404,"15,175","-1,346",FlightAware ADS-B (PEW / OPPS)
Fri 01:13:25 AM,33.5456,71.9883,→ 85°,350,403,"14,225","-1,231",FlightAware ADS-B (PEW / OPPS)
Fri 01:13:55 AM,33.5482,72.0458,→ 89°,348,400,"13,575","-1,379",FlightAware ADS-B (PEW / OPPS)
Fri 01:14:27 AM,33.5485,72.1075,→ 90°,342,394,"12,800","-1,408",FlightAware ADS-B (PEW / OPPS)
Fri 01:15:00 AM,33.5478,72.1697,→ 93°,338,389,"12,050","-1,545",FlightAware ADS-B (PEW / OPPS)
Fri 01:15:33 AM,33.5425,72.2322,→ 98°,339,390,"11,100","-1,346",FlightAware ADS-B (PEW / OPPS)
Fri 01:16:08 AM,33.5339,72.2931,→ 101°,307,353,"10,525","-1,302",FlightAware ADS-B (OPRN)
Fri 01:16:26 AM,33.529,72.3235,→ 101°,294,338,"9,950","-2,313",FlightAware ADS-B (PEW / OPPS)
Fri 01:16:56 AM,33.5215,72.3708,→ 101°,291,335,"8,675","-2,500",FlightAware ADS-B (PEW / OPPS)
Fri 01:17:26 AM,33.5143,72.418,→ 100°,286,329,"7,450","-2,478",FlightAware ADS-B (PEW / OPPS)
Fri 01:17:42 AM,33.5105,72.4425,→ 100°,284,327,"6,775","-1,929",FlightAware ADS-B (OPRN)
Fri 01:18:01 AM,33.5063,72.4704,→ 100°,270,311,"6,325","-1,133",FlightAware ADS-B (OPRN)
Fri 01:18:31 AM,33.5004,72.5113,→ 100°,246,283,"5,850",-861,FlightAware ADS-B (PEW / OPPS)
Fri 01:18:55 AM,33.4961,72.5447,→ 92°,238,274,"5,550",-571,FlightAware ADS-B (OPRN)
Fri 01:19:13 AM,33.5012,72.567,↗ 60°,230,265,"5,450",-662,FlightAware ADS-B (PEW / OPPS)
Fri 01:19:29 AM,33.5122,72.5807,↗ 33°,228,262,"5,175",-964,FlightAware ADS-B (PEW / OPPS)
Fri 01:19:55 AM,33.5374,72.5917,↑ 19°,222,255,"4,775",-907,FlightAware ADS-B (PEW / OPPS)
Fri 01:20:12 AM,33.5537,72.598,↑ 18°,219,252,"4,525",-900,FlightAware ADS-B (PEW / OPPS)
Fri 01:20:30 AM,33.5696,72.6083,↗ 45°,209,241,"4,250",-706,FlightAware ADS-B (PEW / OPPS)
Fri 01:20:46 AM,33.5766,72.6236,→ 80°,187,215,"4,125",-208,FlightAware ADS-B (PEW / OPPS)
Fri 01:21:06 AM,33.5765,72.6429,→ 99°,159,183,"4,125",38,FlightAware ADS-B (PEW / OPPS)
Fri 01:21:26 AM,33.5737,72.6605,→ 100°,157,181,"4,150",75,FlightAware ADS-B (PEW / OPPS)